aace,1
aacy,1
aad,1
aada,2
aadam,1
aadel,1
aader,1
aadie,1
aady,1
aae,2
aag,1
aagaard,1
aage,1
aagodt,1
aagot,2
aah,1
aai,1
aain,1
aaj,1
aake,1
aalen,1
aaley,1
aalke,2
aallen,1
aaltje,2
aalvar,1
aam,1
aama,1
aaman,1
aami,1
aan,1
aana,2
aanan,1
aandy,1
aane,2
aanet,2
aangie,2
aani,2
aanis,1
aanje,2
aann,2
aanne,2
aans,1
aanus,1
aara,2
aaran,1
aarda,1
aare,1
aaren,1
aarian,1
aarin,1
aarion,1
aaris,1
aarn,1
aarne,1
aarnie,1
aaron,1
aarona,2
aaronn,1
aarons,1
aarran,1
aarron,1
aarry,1
aars,1
aart,1
aarte,2
aarun,1
aary,2
aas,1
aasa,1
aase,2
aasel,1
aasen,1
aasher,1
aasta,2
aaste,2
aasy,1
aatie,2
aaus,1
aave,2
aay,1
aaza,1
ab,1
aba,1
abab,1
abaca,1
abace,1
abadeen,1
abadie,1
abagail,2
abah,1
abail,1
abajah,1
abalina,2
abalon,1
abalone,1
abam,1
aban,1
abana,1
abanda,1
abandon,1
abany,2
abar,1
abara,1
abare,2
abarham,1
abarry,1
abas,1
abash,1
abasha,1
abasy,1
abata,1
abatha,2
abay,1
abb,1
abba,1
abbat,1
abbay,1
abbe,1
abbea,2
abbee,1
abbel,1
abben,1
abber,1
abbert,2
abberto,1
abbes,1
abbet,1
abbey,1
abbi,2
abbia,1
abbie,2
abbien,2
abbigail,2
abbin,1
abbino,1
abbis,1
abble,1
abbo,1
abbon,1
abbot,1
abbott,1
abbs,1
abbt,2
abby,2
abda,1
abdal,1
abdala,1
abdel,1
abdella,1
abdie,1
abdon,1
abe,1
abea,1
abeal,1
abear,2
abeas,1
abeca,2
abed,1
abedel,1
abee,1
abeel,1
abeer,2
abel,1
abela,2
abeland,1
abele,1
abelin,1
abelina,2
abeline,2
abell,1
abella,2
abelle,2
abelon,1
abelone,2
abels,2
abena,2
abener,1
abeney,2
abenie,2
aber,1
abera,1
abercrombie,1
aberdean,1
aberdeen,1
aberdine,2
aberson,1
abert,1
aberta,2
abertha,2
abertina,2
abertine,2
aberto,1
aberty,1
abes,1
abesh,1
abest,1
abet,1
abeth,2
abethy,1
abey,1
abgail,2
abgil,1
abha,2
abi,2
abia,1
abiah,2
abial,1
abian,1
abias,1
abiat,1
abiatha,1
abib,1
abica,2
abice,1
abid,1
abida,2
abidah,2
abie,1
abiee,1
abiel,1
abig,1
abiga,2
abigael,2
abigail,2
abigaile,2
abigal,2
abigale,2
abigan,2
abigel,2
abigil,2
abigl,2
abigo,1
abiguel,2
abih,1
abija,2
abijah,1
abil,1
abila,2
abilene,2
abima,1
abimael,1
abin,1
abina,2
abine,2
abinel,1
abino,1
abir,2
abiram,1
abire,2
abis,1
abisa,2
abish,1
abisha,2
abith,1
abitha,2
abithia,1
abiza,1
abjah,1
abl,1
abla,2
ablah,2
ablan,2
able,1
ablen,1
abley,2
ablie,1
ablin,1
abline,2
abm,1
abna,2
abnay,2
abnen,1
abner,1
abney,2
abny,2
abo,1
aboline,2
abona,1
abondance,1
abone,1
abonie,2
abora,2
aborn,1
aboy,1
abr,1
abra,1
abrah,1
abraha,1
abraham,1
abrahame,1
abrahamme,2
abrahams,1
abram,1
abrama,1
abran,1
abrar,1
abrea,1
abrel,1
abrham,1
abri,1
abria,2
abrian,1
abrie,1
abrine,2
abris,1
abrm,1
abro,1
abron,1
abros,1
abrum,1
abry,1
abs,1
absa,2
absalom,1
absalon,1
absel,1
absey,1
absolon,1
absolum,1
absy,1
abul,1
abula,1
abundio,1
abury,1
abus,1
abvie,1
aby,2
abya,2
abye,1
ac,1
aca,1
acacia,2
acada,2
acadie,2
acah,1
acal,1
acan,1
acanthus,1
acar,1
acca,1
acce,1
accel,1
accy,1
ace,1
acea,1
acee,1
acel,2
acely,2
acencion,1
acene,1
aceneth,2
acer,1
acero,1
acey,1
ach,1
acha,2
achael,1
achal,1
achan,1
achar,1
achas,1
ache,1
achea,2
achel,1
achela,1
achele,2
achell,1
achelle,2
achen,2
acher,1
aches,1
acheson,1
achey,2
achia,2
achibald,1
achie,1
achil,1
achile,1
achiles,1
achilis,1
achilla,2
achille,1
achillis,1
achin,1
achler,1
acho,1
achs,1
achsa,2
achsah,2
achsen,2
achson,1
achy,1
acia,2
acie,2
acil,1
acile,2
acin,1
acis,1
acka,1
acke,1
acker,1
ackerman,1
ackey,1
ackie,2
ackles,1
ackley,1
acksa,1
ackson,1
acky,1
acland,1
acle,1
acley,1
acme,1
acna,2
acolia,1
acon,1
acorn,1
acosta,1
acot,2
acquila,1
acquilla,2
acra,2
acre,1
acry,1
acsa,2
acsy,1
act,1
acta,1
actee,2
acter,1
actin,1
action,1
actius,1
active,1
acto,1
acton,1
actor,1
actoris,1
actress,2
actron,1
acy,2
ad,1
ada,2
adaam,1
adab,1
adabelle,2
adace,2
adad,1
adade,1
adae,1
adaf,1
adah,2
adai,1
adail,1
adain,1
adair,1
adaire,2
adak,1
adal,1
adala,1
adalah,2
adalai,1
adalaide,2
adalan,1
adaland,2
adalane,2
adalar,1
adalard,1
adalbert,1
adalcina,2
adale,1
adalee,2
adalene,2
adali,1
adalia,2
adaliah,2
adalide,2
adalie,2
adalin,1
adaline,2
adalino,1
adall,1
adalo,1
adalon,1
adalor,1
adals,2
adalyn,2
adam,1
adama,1
adamantine,2
adamas,1
adame,1
adamir,1
adams,1
adamson,1
adamus,1
adan,1
adana,1
adane,1
adaniah,2
adann,1
adanora,2
adans,1
adar,1
adara,2
adaran,1
adare,1
adarian,1
adarim,1
adarine,2
adarn,1
adary,2
adas,1
adasa,2
adasia,2
adason,1
adassa,2
adat,1
adau,1
adaway,1
aday,1
adbert,1
add,1
adda,1
addae,1
addam,1
addan,1
addare,1
addas,1
adday,1
adde,1
addean,2
addel,1
addela,2
addelaide,2
addeline,2
addell,1
addella,2
addelle,2
adden,1
addeny,2
adder,1
adderly,1
addes,1
addey,1
addi,1
addia,2
addick,1
addie,1
addies,1
addin,1
addina,2
addington,1
addis,1
addisa,1
addison,1
addix,1
addle,1
addley,2
addly,1
addn,1
addna,1
addo,1
addock,1
addran,1
addre,1
addren,1
addrian,1
addrin,1
adds,1
addson,1
addus,1
addy,1
ade,1
adea,2
adeal,1
adean,1
adeas,1
adeb,1
adec,1
adee,1
adeen,1
adeer,1
adei,1
adeir,1
adel,1
adela,2
adelad,1
adelade,2
adelai,2
adelaid,2
adelaida,2
adelaide,2
adelaido,1
adelaie,2
adelain,1
adelaine,2
adelaire,1
adelais,2
adelan,1
adelande,2
adelane,1
adelar,1
adelara,2
adelard,1
adelare,1
adelas,2
adelate,2
adelau,2
adelbe,1
adelbert,1
adele,2
adelean,2
adelee,2
adelen,1
adelena,2
adelene,2
adeler,1
adeles,2
adelf,2
adelfa,2
adelfina,2
adelgunde,2
adelhaid,2
adelhard,1
adelheid,2
adelheide,1
adelheit,2
adeli,2
adelia,2
adeliade,2
adelian,1
adelie,2
adelien,2
adelin,1
adelina,2
adeline,2
adelino,1
adelins,2
adelio,1
adelis,2
adelius,1
adeliza,2
adell,1
adella,2
adellaide,2
adellard,1
adelle,2
adeller,1
adellin,2
adelline,2
adello,1
adells,2
adelm,1
adelma,2
adelman,1
adelmar,1
adelme,1
adelmira,2
adelmo,1
adelo,1
adelon,1
adelona,2
adelone,2
adelor,1
adelord,1
adelore,2
adelos,1
adelou,1
adelph,1
adelpha,2
adelphe,1
adelphi,2
adelphia,2
adelphie,2
adelphin,1
adelphine,2
adelphy,2
adels,1
adelsa,2
adelsten,1
adelus,1
adelva,2
adely,2
adema,2
ademar,1
aden,1
adena,2
adene,1
adenia,2
adenie,2
adenine,1
adenis,1
adenise,2
adenn,1
adens,1
adeo,1
adeodas,1
ader,1
adera,2
aderan,1
aderie,1
aderine,1
adern,1
ades,1
adesa,2
adessa,2
adeth,2
adett,2
adette,2
adeu,2
adeun,1
adeus,1
adevine,2
adey,1
adg,1
adga,1
adge,1
adger,1
adges,1
adgie,1
adham,1
adi,1
adia,2
adiah,2
adian,1
adiane,2
adiar,2
adiara,2
adias,2
adic,1
adica,2
adice,1
adid,1
adie,1
adiel,1
adielle,2
adien,1
adier,1
adies,2
adieu,1
adijah,2
adil,1
adila,2
adilaid,2
adilan,1
adiland,1
adilas,1
adile,2
adilen,2
adiline,2
adill,1
adilla,2
adille,1
adiller,1
adilma,2
adilon,1
adilone,1
adily,2
adim,1
adimar,1
adime,1
adin,1
adina,2
adinas,2
adine,2
adino,1
adio,1
adiona,2
adir,1
adira,2
adire,1
adis,1
adisa,2
adisah,1
adise,1
adish,1
adisha,2
adison,1
adiss,1
adit,1
adith,1
adius,1
adjutor,1
adkins,1
adl,2
adla,2
adlade,2
adlai,1
adlaid,1
adlain,1
adlair,2
adlan,1
adlar,1
adlard,1
adlas,2
adlay,2
adle,2
adlea,2
adlee,1
adlein,1
adlen,1
adlena,2
adlene,1
adler,1
adles,2
adlet,1
adley,1
adli,1
adlia,2
adlie,2
adlin,2
adline,2
adlis,2
adll,1
adlle,2
adlo,1
adly,1
adm,1
adma,2
admah,2
adman,1
admar,1
admer,1
admeral,1
admere,1
admine,1
admire,1
admund,1
adn,1
adna,2
adnah,2
adnan,1
adnana,2
adnay,1
adne,2
adnee,2
adner,1
adnes,2
adness,1
adnet,1
adney,1
adnia,2
adnie,2
adnir,1
adnis,1
adno,1
adny,1
ado,1
adoe,1
adof,1
adoff,1
adol,1
adola,1
adolas,1
adole,1
adoles,2
adolf,1
adolfa,2
adolfina,2
adolfine,2
adolfino,1
adolfo,1
adolfus,1
adoli,1
adolin,1
adoline,2
adolio,1
adolis,1
adolise,2
adoll,1
adollf,1
adolor,1
adolp,1
adolpe,1
adolph,1
adolpha,2
adolphe,1
adolphi,1
adolphin,2
adolphine,2
adolphus,1
adon,1
adona,2
adonai,1
adonais,1
adonas,1
adone,1
adoni,1
adonia,2
adonice,1
adonie,1
adoniran,1
adonis,1
adonise,2
adonna,2
adoo,1
adoph,1
ador,1
adora,2
adore,1
adorine,2
adoris,2
adorn,1
adorna,2
adory,1
ados,1
adot,1
adr,1
adra,2
adraan,1
adrad,1
adrah,2
adraham,1
adraian,1
adrain,1
adraine,2
adram,1
adran,1
adrane,1
adras,1
adray,1
adre,1
adrea,1
adrean,1
adreana,2
adree,2
adreen,2
adrein,1
adren,1
adrene,2
adrenne,2
adres,1
adrew,1
adrey,2
adri,1
adria,1
adriah,1
adriam,1
adrian,1
adriana,2
adriane,2
adrianes,1
adriann,1
adrianna,2
adrianne,2
adriano,1
adrias,1
adric,1
adrice,2
adrie,1
adriel,1
adrien,1
adriene,2
adrienne,2
adril,1
adrilla,2
adrille,1
adrin,1
adrina,2
adrine,2
adris,1
adron,1
adrone,1
adrow,1
adru,1
adrue,1
adry,1
adse,2
adsen,1
adsey,1
adsom,1
adson,1
aduah,1
adue,2
aduf,1
adul,1
adulbert,1
adule,2
aduma,1
adur,1
adus,2
advi,1
adw,1
adway,1
adwell,1
adwin,1
adwina,2
ady,1
adya,2
adyan,1
adye,1
adzie,1
ae,2
aeba,1
aed,1
aeda,2
aef,1
aej,1
ael,1
aelan,2
aele,2
aelen,2
aelic,1
aelin,2
aelina,2
aelis,2
aellen,1
aellie,2
aelo,1
aely,2
aeman,1
aeme,2
aemee,2
aemil,1
aen,2
aena,2
aenas,1
aend,1
aene,2
aenea,2
aeneas,1
aenes,1
aenia,2
aenis,1
aenna,2
aennah,2
aennie,2
aeny,2
aer,1
aera,2
aeria,2
aerial,1
aerie,2
aeriel,2
aeril,1
aerin,2
aeris,2
aero,1
aeron,1
aerta,2
aery,1
aesha,2
aesley,2
aesy,1
aeta,2
aete,1
aethra,2
aety,1
aev,2
aexander,1
af,1
afa,2
afar,1
afee,1
afer,1
aff,1
affa,1
affan,1
affe,1
affee,1
affer,1
affey,2
affiah,1
affie,2
affleck,1
afford,1
affra,2
affred,1
affrey,1
affrica,2
affy,1
afia,2
afie,2
afka,2
afo,1
afoa,1
afonsa,2
afonso,1
afor,1
afora,1
aford,1
afra,2
afrah,2
afred,1
afrede,1
afria,2
africa,2
africk,2
afrid,1
afrie,1
afro,1
afron,1
afry,2
afse,2
afton,2
afus,1
afy,1
ag,1
aga,2
agabus,1
agada,1
agafita,1
agala,1
agan,1
agane,1
aganess,2
agapita,2
agapito,1
agar,2
agard,2
agare,2
agaria,1
agart,1
agas,1
agasta,2
agat,2
agata,2
agate,2
agath,2
agatha,2
agathar,2
agathe,2
agatho,1
agathon,1
agatina,2
agatino,1
agato,1
agaton,1
agatte,2
agatus,1
agda,1
agdar,1
agde,1
age,1
ageda,2
agee,1
agel,1
agela,2
agele,2
ageles,2
agelin,2
agelo,1
agema,1
agen,1
agena,2
agenes,2
agenius,1
agenon,2
agent,1
agenta,2
ager,1
ages,1
agese,2
aget,1
agete,1
agey,1
agg,1
agga,2
agge,1
aggee,1
agger,1
agges,1
aggi,2
aggie,2
aggis,1
aggnes,2
aggus,1
aggy,2
agi,2
agia,2
agid,1
agie,2
agil,1
agila,2
agile,1
agill,1
agilla,2
agin,1
agina,2
agine,2
aginta,1
agis,1
aglae,2
aglaee,2
aglai,2
aglan,1
agle,1
aglen,2
aglet,1
aglis,1
agmar,1
agme,1
agmon,2
agn,2
agna,2
agnar,1
agnas,2
agnat,1
agne,2
agnea,2
agneas,2
agnee,2
agnel,1
agnella,2
agnello,1
agner,1
agnes,2
agnesa,2
agnese,2
agness,2
agnesse,2
agnest,2
agnet,2
agneta,2
agnete,2
agnetha,2
agnethe,2
agnette,2
agnew,2
agnez,2
agnie,2
agnila,1
agnis,1
agnise,2
agno,1
agnon,1
agnos,1
agns,2
agnss,2
agnta,2
agnu,2
agnus,1
ago,1
agoe,1
agor,1
agora,2
agosta,1
agoston,1
agot,2
agota,2
agra,1
agre,1
agred,1
agres,1
agretta,2
agricola,1
agril,1
agripa,1
agripina,2
agrippa,1
agrus,1
agry,1
agst,1
agu,1
agua,2
agueda,2
aguer,1
agues,1
aguest,1
aguila,1
aguilar,1
aguilla,1
aguis,1
agula,2
agulla,2
aguns,1
agur,2
agus,1
aguss,1
agust,1
agusta,1
agustain,1
agustal,1
agustan,2
agustar,1
aguste,1
agusten,1
agusti,1
agustia,2
agustian,1
agustin,1
agustina,2
agustine,2
agustn,1
agusto,1
aguston,1
agustu,1
agustus,1
agusty,1
aguta,1
agy,2
ah,1
ahab,1
ahah,2
ahal,1
ahan,1
ahann,2
ahar,2
ahara,2
ahas,1
ahaz,1
ahel,1
ahem,1
ahenn,1
aher,1
ahi,1
ahia,2
ahiga,1
ahijah,1
ahina,2
ahira,2
ahks,1
ahl,1
ahley,2
ahli,1
ahm,1
ahmand,1
ahmed,1
ahn,1
ahna,2
ahora,1
ahp,1
ahra,2
ahrah,2
aht,1
ahy,1
ai,2
aia,2
aiah,1
aiba,1
aica,2
aice,2
aich,2
aicie,2
aico,1
aicy,2
aid,1
aida,2
aiddie,2
aide,2
aidee,2
aidele,2
aiden,1
aider,1
aides,1
aidie,1
aidn,1
aidor,1
aidy,1
aie,1
aien,2
aika,2
aike,1
aiken,1
aikin,2
ail,1
aila,2
ailand,1
ailas,1
ailce,2
aile,2
ailean,2
aileen,2
aileene,2
ailein,2
ailen,2
ailer,1
ailes,2
ailey,2
aili,2
ailia,2
ailie,2
ailine,2
aille,1
aillen,2
aillie,2
ails,2
ailsa,2
ailsie,2
ailson,1
ailu,2
aily,2
aim,1
aima,2
aimable,1
aimai,2
aimas,2
aime,1
aimec,1
aimee,2
aimen,1
aimer,2
aimes,2
aimey,2
aimi,2
aimie,2
aimme,2
aimmee,2
aimmie,2
aimo,1
aims,1
aimsy,1
aimy,2
ain,2
aina,2
ainah,2
ainas,1
aincy,2
aine,2
ainee,2
ainer,1
aines,2
ainess,2
ainge,1
aini,2
ainiah,2
ainie,2
ainley,2
ainne,2
ainnee,2
ainnie,2
aino,2
ainor,2
ainos,2
ainsa,2
ainsley,1
ainslie,2
ainsworth,1
ainsy,1
ainza,2
aion,1
aione,2
air,1
aira,2
aird,1
aire,2
airel,1
aires,1
airey,2
airie,2
airis,2
airlie,2
airn,1
airna,2
airne,2
airra,2
airs,1
airy,2
ais,2
aisa,2
aisah,2
aise,2
aisel,2
aisha,2
aisie,2
aisle,2
aisly,2
aisne,2
aiso,1
aison,1
aisy,2
ait,1
aitano,1
aitchison,1
aite,2
aith,1
aitha,1
aitken,1
aitkin,2
aiton,1
aiva,2
aiza,2
aizer,1
aj,1
aja,2
ajacks,1
ajah,1
aje,1
ajel,1
ak,1
aka,2
akalina,2
ake,1
akelina,2
aken,1
aker,1
akers,1
akey,1
akie,2
akim,1
akin,1
akka,1
akke,2
aklin,2
aknis,1
aks,1
aksel,1
aky,1
al,1
ala,2
alaba,1
alabam,1
alabama,1
alaban,1
alabe,1
alaber,1
alabom,1
alac,1
alace,1
alacer,1
alach,2
alacida,2
alack,1
alad,1
alada,2
aladar,1
alade,1
aladie,1
aladin,1
aladine,1
alado,1
alador,1
alady,2
alae,1
alaee,2
alaes,1
alaf,1
alafa,1
alago,1
alah,1
alai,1
alaid,1
alaide,2
alain,1
alaine,2
alair,1
alaire,1
alais,2
alaise,1
alaix,1
alajandra,2
alajandro,1
alaka,1
alala,1
alam,1
alama,1
alaman,1
alamand,2
alamanda,2
alamande,1
alamanya,1
alamay,1
alambert,1
alame,1
alameda,2
alamina,1
alamine,1
alamo,1
alamos,1
alams,1
alan,1
alana,2
alanay,1
alance,1
aland,1
alanda,2
alande,1
alander,1
alando,1
alane,1
alaner,2
alang,1
alani,1
alanis,2
alanise,2
alann,1
alanna,2
alansa,2
alant,1
alanta,2
alanus,1
alany,1
alanza,1
alanzo,1
alapa,1
alar,1
alara,2
alard,1
alare,1
alaria,2
alaric,1
alarick,1
alarie,2
alarik,1
alarion,1
alaris,2
alars,1
alart,2
alary,1
alas,1
alasca,1
alase,1
alash,1
alasie,2
alaska,1
alason,2
alass,1
alast,1
alaster,1
alat,1
alathea,2
alatia,2
alatna,2
alavia,2
alavin,1
alaway,1
alax,1
alaxa,2
alaxander,1
alaxandra,2
alaxandre,1
alay,1
alaya,1
alayne,2
alaz,2
alaza,1
alb,1
alba,2
albah,2
albain,1
albaine,1
albam,2
alban,1
albana,2
albanan,1
alband,1
albane,2
albaney,1
albani,1
albania,2
albanie,2
albano,1
albanus,1
albany,2
albart,1
albarta,1
albarto,1
albas,1
albata,2
albay,1
albe,1
albea,2
albean,1
albear,1
albee,2
albein,1
albel,1
alben,1
albena,2
albene,2
albeni,2
albenny,1
albeno,1
albens,1
albeny,1
alber,1
albera,2
alberd,1
alberda,1
alberder,1
alberdi,1
alberdine,2
alberdo,1
alberdy,1
alberet,1
alberg,1
alberi,1
alberia,2
alberic,1
alberie,2
alberine,2
alberlis,2
alberna,2
alberny,2
albero,1
alberry,1
albers,1
albert,1
alberta,2
albertain,1
albertan,2
albertas,1
alberte,2
alberten,1
alberter,2
albertes,1
alberth,1
albertha,2
alberti,1
albertia,2
albertie,2
albertim,1
albertin,1
albertina,2
albertine,2
albertino,1
albertio,1
albertis,1
albertius,1
albertje,2
alberto,1
alberton,1
alberts,1
albertsen,1
albertson,1
albertus,1
alberty,1
albertz,1
albery,1
albes,1
albeta,2
albetha,2
albety,2
albey,1
albi,1
albia,2
albian,1
albida,2
albie,1
albien,1
albim,1
albin,1
albina,2
albinaa,2
albinas,1
albind,1
albine,2
albiner,1
albing,1
albini,1
albinia,2
albinie,1
albinio,1
albinna,2
albino,1
albinos,1
albins,2
albinus,1
albiny,1
albio,1
albion,1
albiona,2
albir,1
albire,1
albirta,2
albis,2
albison,1
albly,1
albnia,2
albo,1
albon,1
albona,2
albone,1
alboni,2
albonso,1
albora,1
alborn,1
albra,1
albrain,1
albran,1
albre,1
albrecht,1
albrert,1
albret,1
albreta,2
albretch,1
albreth,1
albrey,2
albright,1
albrin,1
albro,1
albrty,1
albry,2
albson,1
albt,1
albula,1
album,1
alburn,1
albus,1
alby,1
albyan,1
albyn,1
alc,1
alca,2
alcade,1
alcadia,1
alcana,2
alcania,2
alcano,1
alcanta,2
alcar,1
alcario,1
alcay,2
alce,1
alcea,2
alceda,1
alcee,1
alcen,2
alcene,1
alcer,1
alces,1
alcest,1
alceste,1
alcester,1
alcey,1
alch,1
alcher,1
alchi,1
alci,1
alcia,2
alcid,1
alcida,2
alcide,1
alcides,1
alcie,2
alcime,1
alcin,2
alcina,2
alcine,2
alcinous,1
alcion,1
alcis,1
alcome,2
alcon,1
alcy,2
alcyone,2
ald,1
alda,2
aldabert,1
aldah,2
aldama,1
aldan,1
aldana,2
aldane,1
aldar,1
aldara,2
aldas,1
alday,1
aldda,1
alde,1
aldea,1
aldean,1
aldeane,2
aldebert,1
aldee,1
aldeen,1
aldegonde,2
aldei,1
aldel,1
aldem,1
aldema,2
aldemar,1
alden,1
aldena,2
aldene,2
aldeni,1
aldenia,2
aldenor,1
aldeo,1
alder,1
aldere,1
alderic,1
alderick,1
alderina,2
aldes,1
aldeus,1
aldey,1
aldi,1
aldia,1
aldie,1
aldier,1
aldima,2
aldin,1
aldina,2
aldine,2
aldir,1
aldira,2
aldis,1
aldise,2
aldn,1
aldna,2
aldo,1
aldolf,1
aldolph,2
aldoma,1
aldon,1
aldona,2
aldone,1
aldonia,2
aldor,1
aldora,2
aldorado,1
aldore,1
aldoria,1
aldoro,1
aldous,1
aldra,2
aldred,1
aldren,1
aldria,2
aldrich,1
aldridge,1
aldrie,1
aldrin,1
aldrine,1
aldus,1
aldwin,1
aldwyn,1
aldy,1
ale,1
alea,2
aleader,1
aleah,2
aleam,2
alean,1
aleana,2
aleanda,2
aleander,1
aleandra,2
aleandre,1
aleandrine,2
aleane,2
aleania,2
alear,1
aleas,1
alease,2
aleatha,2
aleba,1
alec,1
aleca,2
alece,2
alecendre,1
aleci,1
alecia,2
alecis,1
aleck,1
alecto,2
alector,1
aleda,2
alede,2
aledia,2
aledo,1
alee,1
aleel,1
aleen,2
alees,1
alef,1
aleff,1
alefonso,2
aleford,1
aleg,1
alegre,1
alehandra,2
alei,1
aleic,2
aleid,2
aleida,2
aleide,2
aleidi,2
alein,1
aleine,2
aleis,1
aleise,2
aleix,1
aleja,2
alejandra,2
alejandro,1
alejos,1
alek,1
aleka,2
alekia,2
aleks,1
aleksa,1
aleksander,1
aleksi,1
alela,2
alell,1
alem,1
alema,2
aleman,1
alemand,1
aleme,1
alemene,1
alen,1
alena,2
alenah,2
alenan,2
alenar,2
alend,1
alenda,2
alende,1
alender,1
alene,2
alenes,1
alenia,2
alenie,2
alenis,2
alenn,1
alenna,2
alenne,2
alennie,2
alenny,2
aleno,1
alenor,1
alensa,2
alenson,1
alent,1
aleny,2
alenzo,1
aleo,1
aleon,1
aleonor,2
aleos,1
aleph,1
alephe,1
aler,1
alera,2
alerd,1
alere,1
alerie,2
alers,1
alert,1
alerta,2
alery,2
ales,1
alesa,2
alesan,1
alesande,1
alesandra,2
alesandre,1
alesandria,2
alesandro,1
alesca,2
alese,1
aleser,1
alesha,2
alesia,2
alesie,2
alesin,1
alesis,1
aleska,2
aleson,1
aless,1
alessandra,2
alest,1
aleste,2
alester,1
alestine,2
alesy,2
alet,2
aleta,2
aleth,2
aletha,2
alethea,2
aletheia,2
alethia,2
aletie,2
alett,2
alette,2
aleva,2
alevia,1
alevin,1
alevine,2
alevy,2
alewina,1
alex,1
alexa,2
alexadra,2
alexan,1
alexana,2
alexand,1
alexanda,2
alexandare,1
alexande,1
alexander,1
alexandera,2
alexandere,1
alexanderia,1
alexanderina,2
alexandia,2
alexandin,1
alexandir,1
alexandr,1
alexandra,2
alexandre,1
alexandrea,2
alexandren,1
alexandrew,1
alexandri,1
alexandria,2
alexandrian,1
alexandrie,2
alexandries,2
alexandrin,1
alexandrina,2
alexandrine,2
alexandrius,1
alexandro,1
alexane,2
alexaner,1
alexanie,1
alexann,2
alexanra,2
alexas,1
alexce,1
alexcis,1
alexd,1
alexda,1
alexder,1
alexdr,1
alexdra,2
alexe,1
alexen,1
alexendra,2
alexer,1
alexes,1
alexeus,1
alexey,1
alexi,1
alexia,2
alexias,2
alexice,1
alexie,2
alexies,1
alexime,1
alexin,1
alexina,2
alexindra,1
alexine,2
alexir,1
alexire,2
alexis,1
alexisa,1
alexise,2
alexisse,2
alexius,1
alexna,1
alexnder,1
alexon,1
alexor,1
alexr,1
alexs,1
alexsa,2
alexsandra,2
alexsie,2
alexsus,1
alexus,1
alexy,1
aley,1
aleyn,2
alez,1
alezar,2
alezer,1
alf,1
alfa,1
alface,1
alfair,2
alfais,1
alfan,1
alfana,2
alfanza,2
alfar,1
alfard,1
alfaro,1
alfay,1
alfd,2
alfe,1
alfea,2
alfed,1
alfee,1
alfege,2
alfena,1
alfenso,1
alfer,1
alferd,1
alfered,1
alferi,2
alfert,1
alfery,1
alfey,1
alff,1
alfha,1
alfhild,2
alfi,1
alfia,2
alfid,1
alfida,2
alfie,1
alfier,2
alfin,1
alfinda,2
alfine,1
alfinso,1
alfira,2
alfire,2
alfis,1
alfo,1
alfon,1
alfonce,1
alfone,1
alfonia,2
alfons,1
alfonsa,2
alfonse,1
alfonses,1
alfonsie,2
alfonsin,1
alfonsine,2
alfonso,1
alfonsus,1
alfonz,1
alfonza,2
alfonze,1
alfonzo,1
alfor,1
alforce,1
alford,1
alfra,1
alfrad,1
alfrada,2
alfrancis,1
alfre,1
alfred,1
alfreda,2
alfreddie,1
alfrede,1
alfreder,2
alfredia,2
alfredie,2
alfredina,2
alfredo,1
alfree,1
alfreed,1
alfret,1
alfrete,1
alfrey,1
alfri,1
alfria,1
alfrid,1
alfrida,2
alfride,2
alfried,1
alfrieda,2
alfriede,2
alfry,1
alfus,2
alfy,1
alg,1
alga,2
algae,2
algar,1
algara,1
algare,1
alge,1
algean,2
algebra,1
algee,1
algelina,2
algeline,2
algen,1
algene,1
algenia,2
algenne,1
algeno,1
algenon,1
alger,1
algera,1
algerd,1
algeria,1
algerie,1
algerine,2
algernon,1
algers,2
alges,1
alget,1
algey,2
algi,1
algia,2
algie,1
algier,1
algiers,1
algin,1
algina,2
algine,1
alginia,2
alginon,1
algir,2
algire,1
algis,1
algo,1
algoma,2
algon,1
algonda,2
algonia,1
algood,1
algor,1
algora,1
algot,1
algra,1
algus,1
algy,1
alha,1
alhambra,2
alhana,2
alhard,1
alhe,2
alhed,1
alher,1
alhi,1
ali,1
alia,2
aliac,1
aliad,2
aliada,2
aliah,2
aliam,1
alian,1
aliance,2
aliano,1
aliar,1
alias,1
aliase,1
aliba,1
alibe,2
alibert,1
aliby,1
alic,2
alica,2
alice,2
alicea,2
alicen,2
alices,2
alich,1
alici,2
alicia,2
alicide,1
alicie,2
alicis,2
alick,1
alicon,2
alics,2
alid,1
alida,2
alidan,1
alidas,2
alide,2
alidee,1
alidi,1
alidin,1
alido,1
alidon,1
alidor,1
alidore,1
alie,2
aliean,2
aliec,2
aliece,2
alied,1
aliee,1
alieen,2
aliel,2
aliem,1
alien,1
aliene,2
alier,1
alies,2
aliette,2
aliex,1
alif,1
aliface,1
aliff,1
alifonso,1
aliga,1
align,1
alii,1
aliise,2
alija,1
alijo,1
alik,1
alika,2
alil,1
alim,1
alima,2
alime,2
alimer,1
alimon,1
alin,1
alina,2
alince,2
alinda,2
aline,2
alinear,1
aliner,1
alines,2
aling,2
alinge,1
alington,1
alinn,1
alino,1
alinor,2
alins,2
alinson,1
aliny,2
alinza,2
alio,1
alion,1
aliona,2
alior,2
alios,1
alious,1
alip,1
aliph,1
alipio,1
alique,1
alir,1
alira,2
alire,1
alirn,2
alis,2
alisa,2
alisah,2
alisan,1
alise,2
alisee,2
alisen,2
aliser,1
alisha,2
alisia,2
alisias,2
alisie,2
alisin,1
alision,2
aliso,1
alison,2
aliss,2
alisse,2
alisson,2
alista,2
alister,1
alistine,2
aliston,1
alitha,2
alithia,2
aliton,1
alius,1
aliva,2
alivan,1
alive,1
aliven,2
aliver,1
alivera,2
alives,2
alivia,2
alivier,1
alix,2
alixa,2
alixander,1
alixandra,2
alixandria,2
alixe,2
alixes,1
alixie,2
alixis,1
alixs,1
alixse,1
alixte,2
aliy,1
aliz,2
aliza,2
alizar,1
alize,2
alizia,2
alizo,1
alja,2
alje,1
aljie,1
aljo,1
alka,2
alkan,1
alke,2
alken,1
alker,1
alkie,1
alkina,2
alkins,1
alkis,1
all,1
alla,2
allabama,2
allabella,2
allac,1
alladine,1
allady,1
allae,1
allaen,1
allaf,1
allah,1
allai,1
allain,1
allaire,1
allais,2
allak,1
allam,1
allamay,2
allamo,1
allan,1
allana,2
alland,1
allanda,2
allane,1
allani,1
allann,1
allant,1
allany,1
allar,1
allara,2
allard,1
allarie,2
allas,1
allasa,1
allay,1
allays,1
allbert,1
allberta,2
allbie,1
allby,1
allcott,1
allder,1
alldine,1
alle,1
allea,2
allean,1
alleas,1
allec,1
alleck,1
allee,1
alleen,1
alleg,1
allegro,1
allei,2
allein,1
alleine,1
allejo,1
allek,1
allel,1
allem,1
alleme,2
allen,1
allena,2
allend,1
allender,1
allene,2
allenia,2
allenie,2
allenn,1
alleno,1
allenor,2
allens,1
alleny,1
alleo,1
aller,1
allera,2
allerd,1
alleri,1
alleric,1
allern,1
allert,1
allerton,1
allery,2
alles,1
allesa,2
alleson,1
alless,1
allester,1
allet,1
alleta,2
alleth,2
alletha,2
alletta,2
allette,2
allex,1
alley,1
alleyn,1
alleyne,1
allez,1
alli,1
allia,2
allian,1
allias,1
allic,2
allica,2
allice,2
allicia,2
allick,1
allics,2
allid,1
allida,2
allide,1
allidia,2
allie,2
allied,1
alliee,2
allien,1
alliene,1
allies,2
alliet,1
allieu,1
alliey,2
alliff,1
allin,1
allinah,2
alline,2
alling,1
allington,1
allino,1
allinson,2
allio,1
allion,1
alliot,1
alliott,1
allis,2
allisa,2
allisan,2
allise,2
allisen,2
allisn,2
allison,2
alliss,2
allisse,2
allisson,2
allister,1
allius,1
alliver,1
allix,1
alliy,1
alliza,2
allma,2
allman,1
alln,1
allne,1
allo,1
alloice,1
allois,1
alloise,2
allon,1
allona,2
allony,1
allor,1
allora,1
allord,1
allory,1
allos,1
allouise,2
allow,1
alloway,1
alloy,1
allphonse,1
alls,1
allsaint,1
allse,2
allsia,2
allson,1
allu,1
allua,2
allun,1
alluna,2
allura,2
allus,1
alluy,1
allva,2
allvin,1
allwin,1
ally,2
allye,2
allyn,2
allyne,2
allys,2
alm,1
alma,2
almad,1
almada,1
almadia,1
almado,1
almae,2
almah,2
almaide,2
almal,2
alman,1
almana,1
almanah,1
almancy,1
almand,1
almanda,2
almander,1
almando,1
almania,1
almano,1
almansa,1
almanta,2
almante,2
almany,1
almanza,1
almanzor,1
almar,1
almara,2
almard,1
almarie,2
almarine,2
almarino,1
almarion,1
almaron,1
almary,2
almas,1
almase,1
almathea,2
almay,2
alme,1
almea,2
almed,1
almeda,2
almede,1
almedia,2
almedo,1
almedor,1
almei,2
almeida,1
almen,1
almena,2
almend,1
almenda,1
almenia,2
almer,1
almera,2
almere,1
almeria,1
almerie,2
almerind,2
almerine,2
almeris,2
almero,1
almert,1
almes,2
almet,1
almeta,2
almeth,1
almetta,2
almey,2
almi,1
almia,2
almida,2
almie,2
almier,1
almin,1
almina,2
alminda,2
almine,1
alminer,2
almio,1
almir,1
almira,2
almirah,2
almiran,1
almiray,2
almire,2
almiri,1
almiro,1
almiry,2
almis,1
almita,2
almitta,2
almiza,1
almma,2
almna,2
almo,1
almoda,2
almon,1
almona,2
almond,1
almonda,2
almonde,2
almondo,1
almone,1
almont,1
almonta,1
almonte,2
almony,1
almonzo,1
almor,1
almora,1
almore,1
almoro,1
almos,1
almosa,1
almose,1
almot,1
almour,1
almra,2
alms,2
almt,1
almud,2
almun,1
almur,1
almus,2
almuth,2
almy,2
almyra,2
aln,1
alna,2
alnada,2
alne,2
alner,1
alneth,2
alney,2
alnia,2
alnice,2
alnie,2
alnier,2
alnira,2
alnis,1
alnn,1
alno,1
alnor,1
alnora,2
alnory,2
alnus,1
alny,2
alo,1
aloa,2
aloah,1
aloc,1
aloce,1
alocia,2
aloco,1
alode,2
aloe,2
aloena,2
aloes,2
alof,1
aloff,1
alog,2
aloha,2
aloi,1
aloia,2
aloice,1
aloide,2
aloin,1
aloina,2
aloine,1
alois,1
aloisa,2
aloise,1
aloisie,2
aloisius,1
aloize,1
aloizy,1
alom,1
aloma,2
alome,2
alomond,2
alon,1
alona,2
alonda,2
alone,1
alonea,2
aloner,1
aloney,1
aloni,1
alonia,2
alonis,2
alonra,1
alons,1
alonsa,2
alonse,1
alonso,1
alony,1
alonza,2
alonzo,1
aloo,1
aloph,2
alora,2
alorde,1
alore,1
aloria,2
aloris,1
alorne,1
aloro,1
alors,1
alory,2
alos,1
alose,2
alosia,2
alosious,1
alotte,2
alou,1
aloues,1
alouis,1
alouisa,2
alouise,2
aloura,2
alout,1
alova,2
alovia,2
alow,1
aloy,1
aloya,2
aloye,1
aloyisius,1
aloys,1
aloyse,1
aloysia,2
aloysie,2
aloysin,2
aloysious,1
aloysis,1
aloysius,1
aloysuis,1
aloysus,1
alp,1
alpa,1
alpas,1
alpe,1
alpen,1
alper,1
alpere,1
alph,1
alpha,1
alphada,1
alphage,2
alphan,1
alphana,2
alphance,1
alphans,1
alphanse,1
alphar,1
alphason,1
alphe,1
alphea,2
alpheas,1
alphee,1
alphege,1
alphen,1
alphena,2
alphene,1
alpher,1
alphera,1
alpheus,1
alphey,2
alphi,1
alphia,2
alphide,2
alphie,1
alphin,1
alphina,2
alphine,2
alphinse,1
alphion,1
alphis,1
alphius,1
alpho,1
alphon,1
alphonce,1
alphoncine,2
alphone,1
alphones,1
alphonia,1
alphons,1
alphonsa,2
alphonse,1
alphonses,1
alphonsi,1
alphonsia,2
alphonsine,2
alphonsis,1
alphonsius,1
alphonso,1
alphonson,1
alphonsus,1
alphonsy,1
alphonza,1
alphonze,1
alphonzo,1
alphos,1
alphose,1
alphosine,2
alphred,1
alphus,1
alphy,1
alpi,1
alpia,1
alpide,1
alpie,1
alpin,1
alpine,1
alpino,1
alpla,1
alpo,1
alpons,2
alponse,1
alponsine,1
alpy,1
alra,2
alray,1
alred,1
alren,2
alrey,1
alria,2
alriah,1
alric,1
alrich,1
alrick,1
alrie,2
alrine,2
alris,1
alrose,2
alroy,1
alry,1
als,1
alsa,2
alsace,1
alsada,1
alsae,1
alsah,1
alsay,1
alse,1
alsea,2
alsed,1
alsee,1
alseen,1
alsemo,1
alsen,1
alsena,2
alsenia,2
alseph,1
alser,1
alses,2
alsey,1
alsha,1
alsher,1
alsi,1
alsia,2
alsida,2
alside,1
alsidy,1
alsie,2
alsim,1
alsin,1
alsina,2
alsine,1
alsiney,1
alsion,2
alsir,1
alsire,1
alsis,1
also,1
alson,1
alsona,2
alsop,1
alstine,1
alston,1
alsus,1
alsy,2
alt,1
alta,2
altagracia,2
altai,1
altam,1
altana,2
altane,2
altar,1
altas,1
alte,1
altea,2
altee,1
alten,1
alteo,1
alter,1
alteria,2
altern,1
altes,1
alth,1
altha,2
althair,1
althe,2
althea,2
altheas,1
altheia,2
althen,1
alther,1
althia,2
althier,1
althin,1
altho,1
althon,1
althus,1
alti,1
altia,2
altie,1
altime,1
altin,1
altine,1
altis,1
alto,1
altoe,1
altoma,2
alton,1
altona,1
altone,1
altony,1
altora,1
altos,1
altra,2
altre,1
altro,1
altry,1
alts,1
altun,1
altuna,2
altus,1
alty,2
alu,1
aluce,2
alue,2
aluesia,2
aluice,2
aluin,1
aluisa,2
alum,1
alun,1
alur,2
alure,1
alury,2
alus,1
aluse,2
alusia,2
alusius,1
aluta,1
aluza,2
alv,1
alva,2
alvado,1
alvador,1
alvah,1
alvain,1
alval,1
alvan,1
alvana,2
alvanie,2
alvano,1
alvans,1
alvany,2
alvar,1
alvara,2
alvarada,1
alvarade,1
alvarado,1
alvard,2
alvarde,1
alvares,1
alvaretta,2
alvarez,1
alvari,1
alvarin,1
alvaro,1
alvary,2
alvas,1
alve,1
alvea,2
alvean,2
alveda,2
alvee,1
alveen,1
alven,1
alvena,2
alvene,2
alveno,1
alvens,1
alver,1
alvera,2
alverado,1
alverd,1
alverda,2
alverde,1
alverez,1
alveria,2
alvern,1
alverna,2
alverne,1
alvernia,2
alvernon,1
alvero,1
alveron,1
alvers,1
alverse,1
alvert,1
alverta,2
alvertis,1
alverto,1
alves,1
alvesa,2
alvess,1
alvest,1
alvesta,1
alvester,2
alvet,1
alveto,1
alvey,1
alvi,1
alvia,2
alvian,1
alvice,2
alvid,1
alvida,2
alvie,2
alviene,1
alvier,1
alvies,1
alvil,2
alvila,1
alvilda,2
alvilde,2
alvim,1
alvin,1
alvina,2
alvind,1
alvinda,2
alvine,2
alvinea,2
alving,1
alvini,1
alvinia,2
alvino,1
alvins,1
alvinsa,1
alvinza,1
alvion,1
alvir,1
alvira,2
alvire,2
alviro,1
alvirus,1
alvis,1
alvisa,2
alvise,1
alvisia,2
alviso,1
alviza,2
alvon,1
alvor,1
alvora,1
alvorada,2
alvorado,1
alvus,1
alvy,1
alw,1
alwa,1
alwane,1
alward,1
alway,1
always,1
alwen,1
alwilda,2
alwin,1
alwina,2
alwine,2
alwis,1
alwise,1
alwy,1
alwyne,1
alwynn,1
alx,1
alxandra,2
alxandre,1
alxendra,2
alxy,1
aly,1
alya,2
alyad,1
alyandra,2
alyce,2
alycia,2
alycious,2
alyda,2
alyea,2
alyette,2
alyine,2
alyis,2
alyma,2
alymer,1
alyn,1
alyne,2
alyon,1
alyona,2
alys,2
alyse,2
alysin,1
alysious,1
alyson,2
alyssa,2
alyssus,1
alysus,1
alza,1
alzane,2
alzar,1
alzare,1
alze,1
alzea,2
alzear,1
alzee,1
alzena,2
alzer,1
alzey,1
alzia,2
alzie,2
alzin,1
alzina,2
alzine,2
alzion,2
alzir,1
alzira,2
alzire,2
alzo,1
alzoa,1
alzon,2
alzona,1
alzonia,1
alzy,1
am,1
ama,2
amab,1
amabel,2
amabele,2
amabell,2
amabella,2
amabile,1
amable,1
amac,1
amaca,2
amace,1
amacy,1
amad,1
amada,2
amadas,1
amade,1
amadea,2
amadee,1
amadel,1
amades,1
amadi,1
amadia,2
amadie,2
amadin,1
amadio,1
amadius,1
amadle,1
amado,1
amadon,1
amador,1
amadora,2
amadore,1
amados,1
amadu,1
amadus,1
amady,1
amae,2
amaelia,2
amaes,2
amaey,1
amage,2
amagon,2
amah,1
amaha,1
amai,2
amail,2
amaile,1
amais,2
amal,2
amala,2
amald,2
amalda,2
amale,2
amalee,2
amales,1
amali,2
amalia,2
amalian,1
amalie,2
amalin,2
amalinda,2
amalio,1
amall,2
amalla,2
amalle,2
amalo,1
amaly,2
amam,1
aman,1
amana,2
amanah,2
amanas,1
amance,2
amand,2
amanda,2
amandah,2
amandal,2
amandar,2
amandas,2
amande,2
amander,2
amandes,2
amandey,2
amandia,2
amandie,2
amandin,2
amandine,2
amandis,2
amando,1
amandos,1
amandra,2
amands,2
amandu,1
amandus,1
amandy,2
amane,2
amanel,1
amang,1
amanga,1
amani,2
amania,2
amanias,2
amanila,2
amanis,2
amann,1
amanna,2
amans,1
amansa,2
amant,1
amanta,2
amante,1
amanth,2
amantha,2
amanuel,1
amanul,1
amany,2
amanza,2
amar,1
amara,1
amaran,1
amaranta,2
amarante,2
amard,1
amarda,2
amare,1
amaria,2
amariah,1
amarica,1
amarie,2
amarila,2
amarilles,2
amarin,1
amarina,2
amarine,2
amarion,1
amaris,2
amarith,1
amarius,1
amaron,1
amart,1
amary,1
amas,1
amasa,1
amase,1
amasia,2
amasie,1
amasine,1
amason,1
amass,1
amassa,2
amasy,2
amat,1
amata,2
amath,1
amathia,2
amatie,1
amatis,2
amato,1
amatta,2
amatus,1
amaty,2
amau,1
amaud,2
amay,1
amaz,1
amaza,1
amaze,1
amazia,1
amaziah,1
amazine,2
amazon,2
amazy,1
amb,1
amba,1
ambel,1
ambella,2
amber,2
amberry,2
ambers,2
amberson,1
ambert,1
ambia,2
ambie,2
amble,1
ambler,1
amblin,1
ambo,1
ambor,2
ambr,2
ambra,2
ambre,2
ambres,2
ambretta,2
ambrey,1
ambria,2
ambric,1
ambrie,1
ambris,2
ambro,1
ambroce,1
ambrocia,2
ambrocio,1
ambroisa,2
ambroise,1
ambros,1
ambrosa,2
ambrose,1
ambrosia,2
ambrosie,1
ambrosin,2
ambrosina,2
ambrosine,1
ambrosio,1
ambrosius,1
ambrous,1
ambrsia,2
ambrus,1
ambry,2
ambue,2
ambur,2
ambus,1
amby,1
amca,1
amce,1
amci,1
amcy,2
amda,1
amdan,1
amde,1
amden,1
amder,1
amdey,1
amdy,1
ame,2
amea,2
amead,1
ameal,1
amealia,2
amean,1
amear,1
ameble,2
ameche,1
amed,1
ameda,1
amede,1
amedea,2
amedee,1
amedel,2
amedi,1
amedia,2
amedie,1
amedine,1
amedio,1
amedor,2
amedos,1
amedy,1
amee,2
ameel,2
ameen,1
ameer,1
amei,2
ameil,1
ameila,2
ameile,2
amein,1
amel,2
amela,2
amelda,2
amele,2
amelee,2
ameley,2
ameli,2
amelia,2
amelial,2
amelian,1
ameliar,2
amelias,2
amelida,2
amelie,2
ameliea,2
amelien,1
amelin,2
ameline,2
amelio,1
amelion,2
amelis,2
amelius,1
amell,2
amella,2
amelle,2
amellie,2
amello,1
amelo,2
amelus,2
amely,2
amen,1
amend,1
amenda,2
amende,2
amenia,2
amenie,2
amenio,1
ament,1
amenta,1
amentes,1
amenz,1
amer,1
amera,2
amerce,2
amerda,2
amere,1
amerel,1
ameret,2
amerey,2
ameria,2
ameriah,1
amerial,1
amerian,1
americ,1
america,2
american,1
americas,2
americk,1
americo,1
americus,2
amerida,2
amerie,2
ameriga,2
amerigo,1
amerigus,1
amerik,1
amerika,2
ameril,1
amerine,2
amerique,1
ameris,2
amerisa,2
amers,1
amersa,2
amerson,1
amert,2
amerus,2
amery,2
ames,1
amesa,2
amese,2
amesia,2
amest,2
amesta,2
amesy,1
ameta,1
amete,1
amethy,2
amett,1
amette,2
amety,1
amey,1
amg,1
amga,1
amget,1
ami,2
amia,2
amiable,2
amiah,2
amial,1
amian,1
amias,1
amica,2
amice,1
amiche,2
amick,1
amico,1
amicu,1
amicy,1
amid,1
amida,2
amidas,1
amide,1
amidee,1
amidi,1
amidia,2
amido,1
amidon,1
amie,2
amieal,1
amiee,2
amiel,1
amiela,2
amiele,1
amier,1
amies,2
amiey,2
amil,1
amila,2
amile,2
amilea,2
amilee,2
amili,2
amilia,2
amilian,1
amilias,1
amilie,2
amilio,1
amill,1
amilla,2
amille,2
amillo,1
amilo,1
amilton,1
amily,2
amim,1
amin,1
amina,2
aminah,2
amind,1
amindo,1
amine,1
aming,1
amingo,1
amini,1
aminie,1
amio,1
amion,1
amir,1
amira,2
amirah,2
amire,1
amiret,1
amirs,1
amis,1
amisa,2
amisan,1
amise,2
amison,1
amiss,1
amit,1
amite,1
amity,2
amiy,2
amiza,2
amize,1
amizon,1
amko,1
aml,2
amle,2
amler,1
amlet,1
amley,2
amlia,2
amlie,2
amlin,1
amlion,1
amly,2
amm,2
amma,2
ammah,2
amman,1
ammand,1
ammanda,2
ammar,1
ammara,2
ammas,1
amme,2
ammen,1
ammer,1
ammerson,1
ammert,2
ammett,2
ammey,2
ammi,2
ammie,2
ammiel,1
ammil,1
ammile,2
ammin,1
ammis,2
ammo,1
ammon,1
ammond,1
ammor,1
ammos,1
ammus,1
ammy,2
amn,1
amna,2
amnah,2
amnay,1
amnel,1
amner,1
amnes,2
amney,1
amni,2
amnie,2
amnis,2
amno,1
amnos,1
amny,2
amo,1
amod,1
amoi,1
amois,2
amola,2
amole,1
amolie,2
amon,1
amona,2
amond,1
amonda,2
amonde,2
amondo,1
amondy,2
amone,1
amons,1
amont,1
amony,2
amor,1
amora,2
amorah,2
amore,2
amoree,2
amoretta,2
amorette,2
amori,1
amoria,2
amorice,1
amorie,2
amorine,2
amorite,1
amorous,1
amory,1
amos,1
amosa,1
amoson,2
amot,1
amota,2
amour,2
amoy,2
amoz,1
amparo,2
amphy,2
ampie,1
ample,1
amples,2
amplias,1
amps,1
ampy,2
amr,1
amra,2
amrah,2
amran,1
amras,1
amray,2
amre,1
amret,1
amreta,2
amrey,2
amri,1
amria,2
amriah,2
amrie,1
amril,1
amrin,1
amrose,2
amroy,1
amry,1
ams,1
amsa,1
amsel,1
amsen,1
amsey,1
amsi,1
amsia,2
amsley,1
amsly,1
amson,1
amssa,2
amsterd,1
amsy,1
amty,1
amu,1
amud,1
amuda,1
amuel,1
amul,1
amula,2
amule,1
amund,1
amur,1
amura,2
amurie,1
amus,1
amva,2
amy,2
amya,2
amye,2
amyi,2
amyra,2
amys,2
amyst,1
amza,1
amzey,1
amzi,1
amzia,2
amzie,2
amzon,2
amzy,1
an,2
ana,2
anaa,2
anabel,2
anabela,2
anabele,2
anabella,2
anable,2
anaca,2
anace,1
anacia,2
anaclet,1
anacleta,2
anacleto,1
anada,2
anadine,2
anado,1
anadore,2
anae,2
anaf,1
anah,2
anaha,2
anai,2
anais,2
anaise,2
anaiz,2
anak,1
anake,1
anakin,1
anal,2
analda,2
analdo,1
analena,2
anali,2
analina,2
analius,1
anam,2
anamas,1
anamiah,1
anamiria,2
anamis,1
anamon,2
anan,1
anana,2
anand,1
ananda,2
anandes,2
anando,1
anani,1
anania,1
ananiah,1
ananias,1
ananie,1
ananis,2
anann,1
anansa,2
anar,1
anara,2
anarchy,1
anare,2
anarea,2
anarey,2
anarky,1
anart,1
anary,2
anas,1
anasa,2
anasie,2
anason,1
anass,1
anassa,2
anast,2
anasta,2
anastacia,2
anastacie,2
anastacio,1
anastar,2
anastas,1
anastase,1
anastasi,2
anastasia,2
anastasie,2
anastasin,1
anastasio,1
anastasius,1
anastasy,2
anastatia,2
anastatio,1
anastaze,1
anastazi,2
anastazy,1
anasthase,1
anasthasie,2
anastia,2
anastisia,2
anat,2
anata,2
anatasia,2
anate,2
anath,2
anathalie,2
anathea,2
anathole,1
anatile,2
anatol,1
anatole,1
anatoli,1
anatolia,2
anatolle,1
anaud,1
anawan,1
anay,2
anaz,1
anazia,1
anbar,2
anber,2
anbor,1
anbra,2
anby,1
anca,2
ance,2
ancel,1
ancelia,2
anceline,2
ancelot,1
ancen,1
ancey,1
anch,2
ancha,2
anche,1
anchen,2
ancher,1
anchie,2
anchor,1
anci,2
ancia,2
ancian,1
anciano,1
ancie,2
ancil,1
ancile,1
ancin,1
ancis,2
ancka,2
ancle,1
anclina,2
anco,1
ancora,1
ancy,2
anda,2
andal,1
andaline,2
andaly,2
andan,1
andane,1
anday,1
anddy,1
ande,1
andea,1
andean,1
andeas,1
andee,1
andel,1
andelie,1
andelin,1
andeline,2
andell,1
andella,2
andelle,2
anden,1
andena,1
andene,2
andeole,1
ander,1
andera,1
andereas,1
anderia,2
anderick,1
anderin,1
anderon,1
anders,1
andersa,2
andersaa,1
andersen,1
anderson,1
andery,1
andes,1
andeson,1
andesson,1
andette,2
andew,1
andey,1
andi,1
andia,2
andian,1
andice,2
andie,2
andies,2
andin,2
andina,2
andine,2
andino,1
andire,1
andis,1
andle,1
andna,2
ando,1
andoe,1
andon,1
andona,1
andone,1
andonia,2
andor,1
andora,2
andore,1
andorn,2
andova,1
andover,1
andr,1
andra,2
andrae,1
andrah,2
andrai,1
andrain,1
andrane,2
andras,1
andraw,1
andre,1
andrea,1
andreal,1
andrean,1
andreas,1
andreau,1
andreaw,1
andred,1
andree,2
andrei,1
andreia,2
andrein,2
andrel,1
andren,1
andrene,2
andrens,1
andrera,1
andrers,1
andres,1
andresa,2
andrese,1
andress,1
andressa,2
andreus,1
andrew,1
andrewa,1
andrews,1
andrey,1
andreya,2
andri,1
andria,2
andrian,1
andriana,2
andrias,1
andrica,2
andrick,1
andrico,1
andrie,1
andriea,2
andrien,1
andriene,2
andrienne,2
andries,1
andrika,2
andrin,1
andrina,2
andrine,2
andris,1
andro,1
androna,2
andronia,2
andronica,2
andronique,1
andros,1
androsia,2
andross,1
androw,1
andru,1
andrua,1
andrue,1
andrun,1
andrus,1
andry,1
andsen,1
andson,1
andu,1
andus,2
andy,1
andys,1
ane,2
anea,2
aneas,1
aneasa,2
aneche,1
anecleto,1
aneda,2
anedda,1
anee,2
aneen,2
aneil,1
aneita,2
anel,1
anela,2
anele,2
anelia,2
anelie,2
anelis,2
anell,2
anella,2
anely,2
anen,2
anene,1
anenia,2
aner,1
anera,2
anere,1
anery,2
anes,1
anesa,2
anese,2
anesie,2
anesley,1
aness,1
anessa,2
anest,1
anesta,2
anestina,2
anestine,2
anet,2
aneta,2
anethe,2
anett,2
anetta,2
anette,2
anew,1
anex,1
aney,2
anfa,1
anfield,1
anfred,1
anfrey,2
ang,2
anga,2
angah,1
angal,2
angala,2
angale,2
angalica,2
angalina,2
angaline,2
angalo,1
angar,1
angas,1
ange,2
angebell,2
angee,2
angel,1
angela,2
angelan,2
angelas,2
angelbert,1
angele,2
angelene,2
angeleno,1
angeles,2
angeleto,1
angeli,2
angelia,2
angelic,2
angelica,2
angelico,1
angelie,2
angelien,2
angelin,1
angelina,2
angelinas,2
angeline,2
angelino,1
angelins,2
angelio,1
angelique,2
angelis,2
angelita,2
angelito,1
angelius,1
angell,2
angella,2
angelle,2
angello,1
angelo,1
angelon,1
angelos,1
angels,2
angelus,1
angely,2
angen,1
angeni,2
angenia,2
angenor,1
anger,1
angerine,2
angers,1
anges,2
angess,1
anget,1
angeta,2
angevine,2
angey,2
angi,2
angia,2
angie,2
angielo,1
angier,2
angies,2
angil,2
angila,2
angile,2
angilo,1
angin,1
angina,2
angine,2
angio,1
angiolina,2
angis,2
angiss,2
angl,2
angla,2
angle,2
anglen,1
angles,2
angley,1
angli,2
anglia,2
anglie,2
anglin,2
angline,2
anglis,2
anglist,2
anglo,1
angly,2
angne,1
angnes,2
angns,2
ango,1
angola,1
angolena,2
angone,2
angora,1
angra,2
angro,1
angs,1
angue,2
anguilla,1
anguis,1
anguish,1
angus,1
angush,2
anguss,1
angust,1
angusta,2
angustina,2
angusto,1
angustus,1
angy,2
anha,2
anhe,1
ani,2
ania,2
anian,1
anias,2
aniasa,1
anibal,1
anibale,1
anica,2
anice,1
anicet,1
aniceta,2
anicette,2
anich,2
anichen,2
anick,2
anid,2
anida,2
anie,2
aniece,2
anied,2
aniel,1
aniela,2
anies,2
anietha,2
anieto,2
anikin,1
anil,1
anila,2
anile,1
anill,1
anily,2
anim,1
anime,1
animore,2
anin,2
anina,2
aninas,2
anine,2
aninia,2
aninie,2
aninis,1
aninn,1
anino,1
anins,2
anion,1
anir,1
anire,1
anis,1
anisa,2
anise,1
aniset,2
aniseta,2
aniseto,1
anish,1
anison,1
aniss,1
anissa,2
anisse,1
anissette,2
anist,1
anista,2
anistacia,2
anistasia,2
anistatia,2
anita,2
anith,1
anitia,2
anito,1
anitta,2
anitus,2
anity,2
anius,2
aniva,2
aniz,2
aniza,2
anizia,2
anizo,2
anj,2
anjaline,2
anjan,1
anje,2
anjel,1
anjele,1
anjelo,1
anjer,1
anjie,2
anjo,1
anjoline,2
anjy,2
ank,2
anka,2
anke,2
anker,1
ankes,1
ankey,1
anky,2
anl,1
anla,2
anlan,2
anle,1
anley,2
anlie,2
anlin,2
anlo,1
anlon,1
anlong,1
anly,2
anma,2
anmas,1
anme,2
anmer,1
anmie,2
ann,2
anna,2
annabal,2
annabel,2
annabell,2
annabella,2
annable,2
annac,2
annaca,2
annace,2
annada,2
annah,2
annai,2
annais,2
annaise,2
annal,2
annalice,2
annama,2
annamae,2
annan,1
annand,1
annania,2
annanias,1
annar,2
annart,2
annas,1
annase,2
annast,2
annastar,2
annaville,2
annca,2
annce,2
annder,1
anne,2
annee,2
annel,2
annelie,2
annelise,2
annell,2
annella,2
annelle,2
annello,1
annen,2
anner,1
annerley,2
anners,2
annes,2
annesia,2
annesley,1
anness,1
annest,2
annesta,2
annet,2
anneta,2
annethe,2
annett,2
annetta,2
annette,2
anneus,1
anney,2
annez,2
annfinn,1
annge,2
anni,2
annia,2
anniable,2
anniah,2
annial,1
annian,2
annias,2
annibal,1
annibel,2
annic,2
annica,2
annice,2
annick,2
annie,2
anniel,1
annies,2
anniey,2
annika,2
annike,2
anniky,1
annil,1
annila,2
annile,2
annin,2
anninah,2
annine,2
anninia,2
annio,1
annir,1
annis,1
annisa,2
annise,2
annisette,2
annison,1
anniss,1
annista,2
annit,2
annita,2
annito,1
annje,2
annlin,2
annne,2
anno,1
annoa,2
annoe,1
annola,2
annon,1
annor,1
annorah,2
annos,1
anns,2
annsa,2
annso,2
annson,1
annstein,1
annthony,1
annton,1
anntonia,2
anntony,1
annty,2
annui,2
annunziato,1
annus,2
anny,2
ano,1
anoa,2
anoah,2
anoch,2
anock,1
anoh,1
anoil,2
anoin,1
anoine,1
anoka,2
anola,2
anold,1
anolf,2
anoma,2
anomalous,1
anome,2
anon,1
anona,2
anone,1
anoni,1
anonia,2
anonie,1
anonime,2
anony,1
anonymous,1
anor,1
anora,2
anore,2
anoren,2
anoris,2
anory,2
anos,1
anosa,2
anot,1
anote,1
anothy,1
anotony,1
anous,1
anover,1
anow,1
anoy,1
anra,2
anre,1
anrice,1
anrie,2
anriette,2
anro,1
anrose,2
ans,2
ansa,2
ansal,1
ansan,1
ansara,1
ansay,1
ansco,1
anse,1
ansea,1
ansee,2
ansel,1
ansela,2
anselem,1
anselin,1
anselina,2
anseline,2
ansell,1
ansella,2
anselle,1
anselm,1
anselma,2
anselme,1
anselmi,1
anselmo,1
ansely,2
ansen,1
anser,1
ansgar,1
anshell,1
anshelm,1
ansia,2
ansie,2
ansil,1
ansin,1
ansis,1
anska,2
anslem,1
ansley,1
anslia,2
anslie,1
anslon,1
anslow,1
ansly,2
anso,2
anson,1
ansona,2
ansone,2
ansonia,2
anst,1
ansta,2
anstacio,2
anstead,1
anstee,2
anstein,1
ansten,1
anster,1
anston,1
anstra,2
ansty,2
ansum,1
ansun,1
ansy,1
ant,1
anta,2
antain,1
antal,1
antan,1
antana,1
antania,2
antanina,2
antanio,1
antas,1
ante,1
antee,1
antel,1
antema,1
anten,1
antena,2
anteny,1
anter,1
antes,1
antha,2
anthal,1
anthan,1
anthana,2
anthany,1
anthe,2
anthea,2
antheia,2
anthem,1
anthen,1
anthena,2
antheny,1
anther,1
anthes,1
anthey,1
anthia,2
anthime,1
anthis,1
anthny,1
antho,1
anthoine,1
anthomy,1
anthon,1
anthona,2
anthone,1
anthonet,2
anthoney,1
anthoni,1
anthonia,2
anthonie,1
anthonio,1
anthonius,1
anthony,1
anthora,1
anthoy,1
anthra,2
anthro,1
anthun,1
anthus,1
anthy,2
antia,2
antie,2
antil,1
antilla,2
antille,1
antim,1
antima,2
antime,1
antimo,1
antin,1
antina,2
antine,1
antinette,2
anting,2
antini,1
antinia,2
antinio,1
antino,1
antiny,1
antione,1
antionette,2
antionia,2
antionie,1
antionio,1
antiono,1
antip,1
antis,1
antje,2
antley,1
antly,1
antna,2
antney,1
antnie,1
antnoy,1
antny,1
anto,1
antoi,2
antoie,2
antoin,1
antoina,2
antoine,1
antoinelle,2
antoinet,2
antoinete,2
antoinett,2
antoinetta,2
antoinette,2
antoiney,1
antoinie,2
antoinne,1
antolin,1
antoline,2
antoma,1
antome,1
antomine,1
anton,1
antona,1
antonan,1
antonas,1
antonay,1
antonce,1
antone,1
antonea,2
antonel,1
antonelle,2
antonett,2
antonetta,2
antonette,2
antonetti,1
antonetto,1
antoney,1
antoni,1
antonia,2
antonian,1
antonias,2
antonic,1
antonica,2
antonice,2
antonico,1
antonie,2
antonieo,1
antonies,1
antoniet,1
antonieto,1
antoniette,2
antonii,1
antonin,1
antonina,2
antonine,2
antonini,1
antonino,1
antonio,1
antonios,1
antonis,1
antonito,1
antonius,1
antonna,2
antonne,1
antonnette,2
antonnia,2
antonnie,1
antonny,1
antono,1
antons,1
antony,1
antonya,2
antor,1
antora,2
antori,1
antoria,2
antos,1
antoy,1
antoyne,1
antra,2
antre,1
antrea,1
antrice,2
antrie,2
antrim,2
antrona,1
antronia,2
antry,2
antte,1
anttey,1
anttoine,1
antu,1
antum,1
antwin,1
antwine,1
anty,2
antya,2
anu,2
anun,1
anund,1
anur,2
anus,1
anva,2
anvil,1
anvill,2
anville,1
anwa,1
anwar,1
any,2
anya,2
anyan,2
anye,2
anyuta,2
anza,1
anzada,2
anze,1
anzel,2
anzela,2
anzell,2
anzella,2
anzer,1
anzey,2
anzi,1
anzia,2
anzie,2
anzo,1
anzy,1
ao,1
aoa,1
aoe,2
aoila,1
aola,1
aolin,1
aoly,1
aomy,2
aon,2
aona,2
aone,1
aonn,2
aonna,1
aora,2
aorn,2
aory,2
aosta,1
aota,2
aova,2
aoy,2
ap,1
apa,1
apal,1
apalas,1
apalonia,2
aparicia,2
apela,1
apelles,1
apelonia,2
apen,1
apey,1
aph,1
apha,1
aphe,2
aphelia,2
apher,1
aphia,2
aphie,2
aphis,1
aphon,2
aphonso,1
aphra,2
aphy,2
api,1
apie,1
aple,2
aplia,2
apo,1
apol,2
apolas,1
apolia,1
apolina,2
apolinaire,1
apolinar,1
apolinaria,2
apoline,2
apolinia,2
apolino,1
apolis,1
apolite,2
apolla,2
apollo,1
apollon,1
apollonia,2
apollos,1
apolo,1
apolon,1
apolona,2
apolonia,2
apolonio,1
apolonis,1
apolus,1
app,1
appa,1
appay,2
appe,1
appel,1
appelton,1
appey,1
appie,1
apple,2
appleby,1
appleton,1
applewhite,2
appley,2
appline,2
applus,1
apply,2
appolin,1
appolinair,1
appolinaire,1
appolinaria,2
appoline,2
appolis,1
appolline,2
appollo,1
appollon,1
appolonia,2
appolonio,1
appolos,1
appolus,1
appy,1
aprel,2
april,2
aprile,2
aprilla,2
apsy,1
apy,1
aqualia,2
aquela,2
aquella,2
aques,1
aquila,1
aquilah,2
aquilar,1
aquile,1
aquilia,2
aquilina,2
aquill,2
aquilla,1
aquillar,1
aquin,2
ar,1
ara,2
araan,1
arab,1
araba,2
arabb,1
arabba,1
arabe,1
arabel,2
arabela,2
arabell,2
arabella,2
arabelle,2
arabia,2
arabian,1
arabie,1
araby,1
arac,1
arace,2
aracelia,2
aracy,2
arad,1
arada,2
arae,2
arael,1
arah,2
araha,2
arahan,1
arai,2
araia,2
araid,2
arain,1
araine,2
arais,2
arak,1
araka,1
aral,1
aralda,2
arale,2
aralia,2
aralie,2
aralin,2
aram,1
aramando,1
arame,2
arami,2
aramia,2
araminta,2
aramon,1
arams,1
aran,2
arana,2
aranas,2
arance,2
arances,2
arand,1
aranda,1
arande,2
arando,1
arane,2
arange,1
arania,2
aranis,2
arann,1
arans,1
arant,2
arany,2
aranza,2
ararat,1
aras,1
arasa,2
arasha,2
arasmus,1
arason,1
arastus,1
arat,1
arata,1
arath,1
arator,1
arauna,2
aravinda,1
arax,1
aray,2
arazona,1
arb,1
arba,2
arbana,2
arbat,2
arbe,1
arbee,1
arbel,1
arbela,2
arbelin,2
arbella,2
arbelle,2
arben,1
arbena,2
arber,1
arbert,1
arbesta,1
arbet,2
arbey,1
arbi,1
arbia,2
arbie,1
arbin,1
arbina,2
arbino,1
arble,1
arbo,1
arbor,1
arbra,2
arbro,1
arbry,1
arbuthnot,1
arby,1
arc,1
arca,1
arcad,1
arcada,1
arcade,1
arcadia,2
arcadian,1
arcadie,1
arcadio,1
arcado,1
arcadus,1
arcady,1
arcaine,1
arcam,1
arcana,2
arcand,1
arcange,1
arcangelo,1
arcansus,1
arcas,1
arce,1
arcele,2
arcelie,2
arcelina,2
arceline,2
arcelis,2
arcell,1
arcella,2
arcelus,2
arcely,2
arcene,1
arcenne,1
arcey,1
arch,1
archa,1
archabel,1
archam,1
archambault,1
archan,1
archange,1
archangel,1
archangelo,1
archard,1
archbald,1
arche,1
archea,2
archel,1
archela,2
archeley,2
archell,2
archelle,2
archene,1
archer,1
arches,1
archey,1
archi,1
archia,2
archibal,1
archibald,1
archiball,2
archibalt,1
archibelle,2
archible,1
archie,1
archiebald,1
archiel,1
archila,1
archilla,2
archille,1
archilles,1
archime,1
archina,2
archine,2
archor,1
archu,2
archy,1
arcibald,1
arcie,2
arcile,2
arcilla,2
arcine,1
arcinia,2
arcisse,1
arco,1
arcom,1
arcus,1
arcy,1
ard,1
arda,1
ardah,2
ardain,2
ardal,1
ardama,1
ardan,1
ardar,2
ardas,1
ardath,1
arde,1
ardeal,1
ardean,1
ardee,1
ardeen,1
ardel,1
ardela,2
ardele,2
ardelene,2
ardelia,2
ardell,1
ardella,2
ardelle,2
arden,1
ardena,2
ardenas,1
ardene,2
ardenn,1
ardenne,2
arder,1
ardes,1
ardey,1
ardi,1
ardia,2
ardian,1
ardice,2
ardie,1
ardien,1
ardile,2
ardill,1
ardilla,2
ardin,1
ardina,2
ardine,2
ardion,1
ardis,1
ardith,2
ardley,1
ardman,1
ardmore,1
ardo,1
ardon,1
ardone,2
ardora,2
ardra,2
ardre,2
ardrey,1
ardrian,1
ardry,1
ardun,1
ardus,1
ardwell,1
ardy,1
ardys,2
are,1
area,1
areade,2
areal,1
arean,1
areana,2
areane,2
areas,1
areba,2
areca,2
areck,1
ared,1
aree,2
areebah,2
areen,2
areena,2
areene,2
areh,1
areha,1
arei,1
areil,2
areila,2
arein,2
areis,1
areka,2
arel,1
arela,2
areld,1
arelda,2
arele,2
areley,1
areli,2
arelia,2
arelid,2
arelie,2
arelin,2
areline,2
arelio,1
arelis,2
arelius,1
arell,1
arella,2
arely,2
areman,1
aren,1
arena,2
arenah,2
arenas,1
arence,1
arend,1
arenda,2
arene,2
arenie,2
areno,1
arens,1
arent,1
areny,2
areo,1
arer,1
ares,1
aress,1
aresta,2
areste,1
arestide,1
arestides,1
aret,1
areta,2
aretas,1
arete,1
aretes,2
areth,2
aretha,2
aretia,2
aretias,1
arets,1
arett,1
aretta,2
arew,2
arey,1
arfa,1
arfie,1
arfilla,2
arg,1
arga,1
argal,1
argalia,1
argan,1
argand,1
arge,1
argee,1
argel,1
argen,1
argena,2
argene,2
argenia,2
argent,1
argentina,2
argentine,2
arger,2
argess,1
arget,2
argey,1
argia,2
argie,1
argil,1
argile,1
argille,2
argin,1
argine,2
argis,1
argla,1
argo,1
argola,2
argon,1
argot,1
argus,1
argusta,1
argy,1
argyle,1
arha,2
arhie,1
ari,1
aria,2
ariadin,1
ariah,2
arial,2
arian,1
ariana,2
ariane,2
arianna,2
arianne,2
arias,1
aribe,2
aric,1
arica,2
arice,2
ariche,2
arid,1
arie,1
ariea,2
arieka,2
ariel,1
ariela,2
ariele,2
arien,1
ariena,2
ariene,2
arienne,2
arier,1
aries,1
aril,1
arila,2
arild,1
arilde,2
arile,2
arilla,2
arille,1
arillia,2
arim,1
arima,2
arimi,2
arimis,1
arin,1
arina,2
arine,2
aring,2
arinie,2
arins,2
ariny,2
ario,1
ariola,2
arion,1
ariona,2
arious,2
aris,1
arise,1
ariss,1
arissa,2
arist,1
arista,2
ariste,1
aristede,1
aristia,2
aristian,1
aristida,2
aristide,1
aristides,1
aristie,2
aristin,1
aristine,2
aristo,1
aristone,1
arisy,2
arit,2
arite,2
arith,2
arity,2
ariva,2
ariz,1
arizon,1
arizona,2
arizonia,1
arje,1
arjean,2
arjel,1
arjie,1
ark,1
arka,2
arkada,1
arkadie,1
arkana,2
arkansas,1
arkas,1
arke,1
arkel,1
arken,1
arker,1
arket,1
arkey,1
arkie,1
arkle,1
arkley,1
arkman,1
arkness,1
arkwright,1
arky,1
arl,1
arla,2
arlain,1
arlaine,2
arlan,1
arlana,2
arland,1
arlanda,2
arlander,1
arlar,2
arlas,1
arle,2
arlea,2
arlean,2
arlee,1
arleen,2
arleigh,1
arlen,2
arlena,2
arlend,1
arlenda,2
arlene,2
arleny,2
arler,2
arleroy,1
arles,1
arless,1
arlet,2
arlett,2
arletta,2
arlette,2
arlettee,2
arley,1
arli,1
arlice,2
arlie,1
arlin,2
arlinda,2
arlindo,1
arline,2
arling,1
arlington,1
arlis,1
arlise,2
arliss,1
arlitha,2
arlitte,2
arlly,1
arlo,1
arloe,1
arlon,1
arlona,2
arlot,2
arlow,2
arlsa,2
arlu,2
arly,2
arlye,2
arlyn,2
arm,1
arma,1
armad,1
armada,1
armade,2
armadel,2
armadi,2
armado,1
armah,1
armain,1
armaine,2
armais,1
armal,1
armalia,2
armall,1
arman,1
armana,2
armance,2
armand,1
armanda,2
armande,2
armandine,2
armando,1
armandus,1
armane,1
armania,1
armans,1
armant,1
armanta,1
armantha,2
armantine,2
armanza,1
armar,1
armas,1
armata,1
armati,1
armaton,1
armaud,1
armd,1
arme,1
armea,1
armean,1
armed,1
armeda,2
armede,1
armedia,1
armedias,1
armedo,1
armedy,2
armee,2
armeida,2
armein,1
armel,1
armela,2
armele,2
armelia,2
armelias,2
armelie,2
armelin,1
armelina,2
armeline,2
armell,2
armella,2
armelon,1
armelus,1
armen,1
armena,2
armend,1
armenda,2
armende,2
armene,2
armeni,2
armenia,2
armenian,1
armenice,1
armenie,2
armenio,1
armenis,1
armenius,1
armenne,2
armeno,1
arment,1
armenta,1
armer,1
armes,2
armet,1
armeta,1
armetia,2
armett,1
armetta,1
armey,1
armfield,1
armi,2
armia,1
armian,1
armice,1
armida,2
armidas,1
armide,1
armie,2
armiel,1
armien,1
armies,1
armil,1
armilda,2
armile,1
armilla,2
armille,1
armin,1
armina,2
arminas,1
armind,1
arminda,2
armindo,1
armine,2
arminee,2
arminel,2
arming,2
armini,2
arminia,2
arminio,1
arminius,1
armino,1
arminta,2
arminte,2
arminy,1
armio,1
armis,1
armise,2
armit,1
armita,2
armitage,1
armity,2
armius,1
armma,1
armme,1
armn,1
armna,2
armo,1
armol,1
armon,1
armona,2
armond,1
armonda,2
armonde,1
armondo,1
armone,1
armonia,2
armonie,2
armont,2
armony,2
armor,1
armora,2
armory,2
armos,1
armose,2
armound,1
armour,1
arms,1
armstead,1
armster,1
armstrong,1
armund,1
armus,1
army,1
arn,1
arna,2
arnada,2
arnah,1
arnaldo,1
arnan,1
arnana,2
arnand,1
arnanda,1
arnane,1
arnant,1
arnard,1
arnas,1
arnat,1
arnath,2
arnaud,1
arnay,1
arnda,2
arndt,1
arne,1
arnea,2
arneal,1
arned,1
arneda,2
arnee,2
arneil,1
arnel,1
arnelda,2
arnele,2
arnelia,2
arnell,1
arnelle,2
arnen,1
arner,1
arnes,1
arnese,1
arness,1
arnest,1
arnesta,2
arnesto,1
arnet,1
arneta,2
arneth,2
arnetha,2
arnett,1
arnetta,2
arnette,2
arney,1
arnez,1
arnfrid,2
arng,2
arnhild,2
arnhold,1
arni,1
arnia,2
arnice,1
arnid,1
arnie,1
arniel,1
arnil,1
arnila,2
arnild,1
arnilda,2
arnim,1
arnin,1
arnis,1
arnisa,2
arnise,2
arnison,1
arnit,1
arnleif,1
arnn,1
arnna,2
arnne,2
arnney,2
arnnie,2
arno,1
arnold,1
arnolda,2
arnolde,1
arnoldes,1
arnoldi,1
arnon,1
arnor,1
arnosa,1
arnost,1
arnot,1
arnott,1
arnow,1
arns,1
arnst,1
arnstein,1
arnt,1
arnus,1
arny,1
aro,1
aroan,1
arod,1
aroh,1
arois,2
arol,1
arolin,2
aroline,2
arom,1
aroma,2
arome,1
aron,1
arona,1
arone,1
arons,1
arony,1
aror,2
arora,1
arosa,2
arose,2
arota,2
arow,1
aroy,1
arp,1
arpa,1
arpah,2
arpalice,2
arpe,1
arpes,1
arpha,1
arphy,1
arpie,2
arpin,1
arpy,1
arquilla,2
arr,1
arra,2
arrabel,2
arrabela,2
arrad,1
arrah,2
arran,1
arrant,1
arras,1
arrat,1
arraw,1
array,1
arre,1
arree,2
arrel,2
arrell,1
arren,1
arrena,2
arrenas,1
arrend,1
arrer,2
arres,1
arresa,2
arrest,1
arresta,1
arreta,2
arrey,1
arri,1
arria,2
arrian,1
arrica,2
arrid,1
