aabell,0
aadna,0
aaffie,0
aagal,0
aagil,0
aagnus,0
aaide,0
aalins,0
aallison,0
aalona,0
aalxander,0
aamas,0
aanen,0
aaner,0
aaney,0
aanner,0
aarel,0
aarey,0
aariah,0
aarney,0
aarow,0
aartha,0
aasborg,0
aasine,0
aason,0
aasted,0
aatte,0
aattie,0
aauclaire,0
abadiah,0
abagal,0
abagil,0
abagill,0
abagin,0
abalene,0
abaline,0
abaner,0
abberdeen,0
abberic,0
abberta,0
abbertie,0
abbertus,0
abbery,0
abbett,0
abbigal,0
abbine,0
abbington,0
abbinie,0
abbit,0
abbnis,0
abdial,0
abeah,0
abean,0
abeatha,0
abegill,0
abelee,0
abelona,0
abenor,0
abeny,0
abeona,0
abercromby,0
aberdene,0
abergail,0
aberlus,0
abernethy,0
aberry,0
aberter,0
aberth,0
abertice,0
abertin,0
abertis,0
abertus,0
abeyta,0
abhm,0
abidigal,0
abigah,0
abigar,0
abigard,0
abigas,0
abige,0
abigia,0
abigill,0
abigjel,0
abigul,0
abihal,0
abijal,0
abilee,0
abilena,0
abilin,0
abiline,0
abinah,0
abiner,0
abington,0
abinor,0
abirta,0
abithar,0
abizah,0
ablisom,0
ablitt,0
ablon,0
abnea,0
abnes,0
abnie,0
abolina,0
abolon,0
abolona,0
abondia,0
abondius,0
abrana,0
abrecht,0
abrena,0
abrick,0
abridge,0
abrita,0
abrons,0
abrose,0
abrosia,0
abryam,0
absalone,0
absalum,0
abselen,0
absha,0
abshier,0
absie,0
absley,0
abslum,0
absolam,0
absolm,0
absom,0
aburta,0
aburtice,0
aburty,0
abyah,0
acanna,0
accey,0
accie,0
aceana,0
aceat,0
achatius,0
achesa,0
achilee,0
achre,0
achsak,0
achwaykus,0
acinta,0
acinth,0
ackin,0
ackland,0
acklen,0
acklin,0
ackline,0
aclin,0
acness,0
acquillia,0
acsey,0
actave,0
actavi,0
actavia,0
actevie,0
adabell,0
adabert,0
adaeline,0
adaen,0
adaige,0
adaise,0
adaiska,0
adalade,0
adalaid,0
adalaido,0
adalas,0
adalaska,0
adalen,0
adalf,0
adalido,0
adalinn,0
adaliska,0
adallan,0
adalma,0
adaloe,0
adalore,0
adalow,0
adalpha,0
adanias,0
adanijah,0
adaniram,0
adaph,0
adapha,0
adarie,0
adasin,0
adath,0
adatine,0
adaugh,0
adauis,0
adaur,0
addain,0
addair,0
addalin,0
addard,0
addelaid,0
addelar,0
addelard,0
addelie,0
addelor,0
addene,0
addian,0
addice,0
addier,0
addins,0
addir,0
addire,0
addlaid,0
addolf,0
addona,0
addun,0
adeada,0
adefino,0
adeie,0
adelae,0
adelaed,0
adelaird,0
adeland,0
adelarde,0
adelars,0
adelase,0
adelbard,0
adelbart,0
adelberth,0
adelbia,0
adelburt,0
adelda,0
adelebert,0
adelend,0
adelhert,0
adelhes,0
adeliah,0
adelias,0
adelier,0
adeliga,0
adeliner,0
adelire,0
adelivan,0
adellar,0
adellor,0
adelmer,0
adelora,0
adeloy,0
adelp,0
adelphes,0
adelphius,0
adelphus,0
adelzie,0
ademine,0
adenisse,0
adeoda,0
adeph,0
adepha,0
aderene,0
aderilda,0
aderla,0
aderlaid,0
aderville,0
adevilda,0
adhah,0
adhela,0
adieville,0
adilane,0
adilard,0
adilarde,0
adilore,0
adins,0
adirene,0
adisin,0
adision,0
adislas,0
adjuta,0
adjuter,0
adkin,0
adkison,0
adlebert,0
adled,0
adleda,0
adlede,0
adlett,0
adling,0
adlir,0
adlone,0
adlor,0
adlora,0
adlore,0
adlov,0
adlow,0
admatha,0
admeria,0
adnett,0
adocia,0
adoephine,0
adofine,0
adoin,0
adolaid,0
adolard,0
adolars,0
adolflus,0
adolie,0
adolophine,0
adolora,0
adolore,0
adolpa,0
adolphas,0
adolphes,0
adolphia,0
adolphie,0
adolphis,0
adolphius,0
adolphon,0
adolphos,0
adolphy,0
adolt,0
adonatile,0
adoner,0
adonilda,0
adonious,0
adonra,0
adonza,0
adophin,0
adorie,0
adosia,0
adoth,0
adoway,0
adrai,0
adrant,0
adrens,0
adreon,0
adreth,0
adrianie,0
adricome,0
adridge,0
adrience,0
adrier,0
adrind,0
adriun,0
adruine,0
adsia,0
adsine,0
adulad,0
adulin,0
adulphis,0
adulton,0
advill,0
advilla,0
adville,0
adwick,0
adwild,0
adwilda,0
adyer,0
aegia,0
aelade,0
aeley,0
aelie,0
aellon,0
aemanda,0
aemeline,0
aemila,0
aemile,0
aemiline,0
aepha,0
aerey,0
aetey,0
aetna,0
aetta,0
aeura,0
aevery,0
afalonia,0
affary,0
affice,0
affies,0
afpha,0
afrena,0
aften,0
agacy,0
agapeta,0
agapeto,0
agapide,0
agapite,0
agatan,0
agathan,0
agaus,0
agausta,0
agbart,0
agelene,0
agenar,0
agenas,0
agenus,0
agepito,0
agget,0
aggey,0
aggin,0
agias,0
agigail,0
agiline,0
agins,0
agipeta,0
agipita,0
agist,0
agistina,0
agistine,0
aglace,0
aglantine,0
aglare,0
agleer,0
aglor,0
aglore,0
agmas,0
agmus,0
agnace,0
agnase,0
agnate,0
agnay,0
agnen,0
agnens,0
agnetia,0
agnetz,0
agneus,0
agnice,0
agnile,0
agnilla,0
agniss,0
agnst,0
agnsta,0
agnstine,0
agnue,0
agott,0
agreas,0
agries,0
agrilla,0
agther,0
agueline,0
aguella,0
aguillar,0
aguilly,0
aguist,0
agulia,0
agusla,0
agustace,0
agustas,0
agustav,0
agustave,0
agustavis,0
agustea,0
agustein,0
agustene,0
aguster,0
agustes,0
agustias,0
agustic,0
agustice,0
agustie,0
agustis,0
agusts,0
agustua,0
agwilzak,0
aharie,0
aheah,0
ahellen,0
ahera,0
ahiah,0
aidley,0
aigah,0
aigal,0
aignes,0
aijelt,0
aikey,0
ailcie,0
aild,0
ailsen,0
ailsey,0
ailsy,0
ailus,0
ailwin,0
aince,0
ainery,0
ainsle,0
airania,0
aisby,0
aisene,0
aixena,0
akillie,0
akselaa,0
alabannas,0
alaco,0
alacy,0
aladore,0
alafare,0
alaford,0
alahandra,0
alamander,0
alamando,0
alamanza,0
alamedia,0
alamesa,0
alamza,0
alandia,0
alaney,0
alantha,0
alanthus,0
alantic,0
alarda,0
alared,0
alarham,0
alarius,0
alasandra,0
alasce,0
alasen,0
alasta,0
alaus,0
alavander,0
alawson,0
alaxandrine,0
alaxdr,0
alaxes,0
alazander,0
alazena,0
albae,0
albaness,0
albanns,0
albartine,0
albarty,0
albedine,0
albeine,0
albemarle,0
albemia,0
albenee,0
albeney,0
albenie,0
albenne,0
albenor,0
alberde,0
alberdeen,0
alberdia,0
alberdie,0
alberds,0
alberdt,0
alberla,0
alberlie,0
alberline,0
albernice,0
albernie,0
alberston,0
albertea,0
albertee,0
albertey,0
alberthie,0
alberthine,0
albertian,0
albertice,0
albertins,0
albertna,0
albertra,0
albertrus,0
alberttie,0
albertun,0
albertya,0
albester,0
albete,0
albetie,0
albetis,0
albiah,0
albiam,0
albiene,0
albime,0
albines,0
albiney,0
albinon,0
albirde,0
albirdie,0
albiria,0
albirna,0
albiron,0
albirter,0
albirth,0
albirtie,0
albirtus,0
albner,0
albney,0
albnus,0
alborg,0
alborough,0
albrat,0
albreath,0
albrien,0
albrow,0
albuis,0
alburta,0
alburte,0
alburten,0
alburter,0
alburtes,0
alburth,0
alburtia,0
alburtie,0
alburtine,0
alburtis,0
alburtus,0
alburty,0
albuta,0
albuty,0
alcada,0
alcadie,0
alcae,0
alcanda,0
alcany,0
alcarea,0
alcaria,0
alcede,0
alcedie,0
alcei,0
alceline,0
alcena,0
alcerta,0
alcesle,0
alcesta,0
alcestus,0
alchester,0
alcidie,0
alcies,0
alcilde,0
alcinder,0
alck,0
alcona,0
alcoria,0
alcry,0
alculano,0
alcus,0
aldace,0
aldage,0
aldame,0
aldaretta,0
aldase,0
aldeas,0
aldeffe,0
aldeg,0
aldege,0
aldelle,0
aldelph,0
aldeon,0
alderie,0
alderique,0
aldese,0
aldfred,0
aldice,0
aldige,0
aldma,0
aldmon,0
aldoe,0
aldoffe,0
aldose,0
aldouis,0
aldreth,0
aldrew,0
alduff,0
aldustin,0
aldustus,0
aleada,0
aleaner,0
aleany,0
alectance,0
alecte,0
alecxina,0
aledor,0
aleie,0
aleif,0
aleinda,0
alemanda,0
alemeth,0
alemida,0
alenard,0
alenbert,0
alendia,0
alendor,0
alener,0
alenore,0
alenry,0
alentine,0
alerder,0
alerius,0
alesen,0
aleses,0
alesine,0
aleslie,0
alessie,0
alethan,0
alethra,0
alevander,0
alevilda,0
alexanar,0
alexandina,0
alexandine,0
alexandira,0
alexandrene,0
alexanria,0
alexdrian,0
alexendria,0
alexri,0
aleyer,0
alezime,0
alfance,0
alfare,0
alfear,0
alfede,0
alfeld,0
alfend,0
alfenia,0
alfeous,0
alferett,0
alferettie,0
alfette,0
alffrid,0
alfheid,0
alfias,0
alfice,0
alfide,0
alfiel,0
alfild,0
alfince,0
alfious,0
alfna,0
alfonca,0
alfoncis,0
alfonda,0
alfonsee,0
alfonsen,0
alfonsene,0
alfonsia,0
alfonsis,0
alfonzine,0
alfonzy,0
alfora,0
alforda,0
alfornia,0
alfosin,0
alfpha,0
alfraide,0
alfrances,0
alfray,0
alfrea,0
alfrece,0
alfredde,0
alfredice,0
alfreta,0
alfrett,0
alfretta,0
alfretto,0
alfrety,0
alfronn,0
alfronsa,0
alfronza,0
alfrum,0
alfryd,0
alfton,0
alfugina,0
algah,0
algana,0
alganon,0
algarine,0
algea,0
algelee,0
algemora,0
algena,0
algenore,0
algeran,0
algerene,0
algerner,0
algernin,0
algetta,0
algevina,0
alginas,0
algodt,0
algott,0
algred,0
algusta,0
aliade,0
aliason,0
alicean,0
alidie,0
aligail,0
aliger,0
aligust,0
alils,0
alimpe,0
alinden,0
alisime,0
alisine,0
alisteen,0
alistis,0
alisus,0
alivie,0
alivinne,0
alivna,0
alivr,0
alixenor,0
alizebeth,0
alizona,0
aljanon,0
aljarene,0
aljos,0
alkaney,0
allaby,0
allace,0
allack,0
allaes,0
allafair,0
allamander,0
allance,0
allardice,0
allare,0
allason,0
allath,0
allather,0
allatia,0
allatt,0
allavesta,0
allaway,0
allcey,0
allcy,0
allear,0
allebert,0
allece,0
alleci,0
alledo,0
alleene,0
allefare,0
allegard,0
alleice,0
alleis,0
allentine,0
allenton,0
allerdine,0
allere,0
allerino,0
allers,0
allese,0
allesin,0
allest,0
allett,0
allevia,0
allevie,0
allexandria,0
allgers,0
allgott,0
alliam,0
alliday,0
alliece,0
alliner,0
allinie,0
allions,0
allior,0
allios,0
allious,0
allire,0
alliro,0
allisin,0
allisor,0
allistine,0
allixis,0
allke,0
allmary,0
allmay,0
allmer,0
allner,0
allocious,0
alloese,0
alloner,0
alloney,0
allonia,0
allonis,0
allonza,0
allosia,0
allra,0
allred,0
allric,0
allrie,0
allsey,0
allsie,0
allsworth,0
alluie,0
alluint,0
allvis,0
allyfare,0
allyine,0
almacia,0
almack,0
almadas,0
almai,0
almande,0
almands,0
almanga,0
almanja,0
almanus,0
almarde,0
almarean,0
almaren,0
almarena,0
almarene,0
almaria,0
almarian,0
almarien,0
almarn,0
almath,0
almazor,0
almedan,0
almedas,0
almeder,0
almedey,0
almedias,0
almedios,0
almedis,0
almedos,0
almeds,0
almeis,0
almene,0
almenie,0
almenio,0
almenn,0
almenor,0
alment,0
almenus,0
almerin,0
almeron,0
almerva,0
almesime,0
almeter,0
almetes,0
almetus,0
almiah,0
almidas,0
alminah,0
alminas,0
almion,0
almired,0
almiria,0
almirin,0
almison,0
almitus,0
almondor,0
almons,0
almonty,0
almonza,0
almord,0
almorene,0
almorett,0
almori,0
almory,0
almoth,0
almount,0
almrine,0
almua,0
almund,0
almya,0
almyer,0
alnah,0
alnaria,0
alnilda,0
alniria,0
alnius,0
aloania,0
alocy,0
alodea,0
aloecia,0
aloese,0
aloetta,0
aloey,0
alofair,0
alofase,0
aloie,0
aloinza,0
aloisis,0
alojo,0
alonca,0
alondia,0
alonida,0
alonie,0
alonise,0
alonje,0
alonor,0
alonsia,0
alonta,0
alonye,0
alonzer,0
alonzie,0
alorn,0
alorta,0
alosias,0
alosie,0
alosins,0
alotha,0
alousa,0
alouse,0
alousius,0
aloycius,0
aloyeius,0
aloyes,0
aloyesus,0
aloyious,0
aloyisis,0
aloysing,0
aloysins,0
alozina,0
alozo,0
alpais,0
alpalia,0
alpanse,0
alpena,0
alpene,0
alphaneta,0
alphansine,0
alphase,0
alphate,0
alphaus,0
alpheda,0
alphede,0
alphedus,0
alphemis,0
alphenia,0
alphenis,0
alphens,0
alphense,0
alpheny,0
alpherd,0
alpheri,0
alphetus,0
alphida,0
alphido,0
alphies,0
alphild,0
alphir,0
alphire,0
alphoen,0
alphoise,0
alphome,0
alphona,0
alphonaine,0
alphoncis,0
alphoneus,0
alphonias,0
alphonie,0
alphonious,0
alphonise,0
alphonius,0
alphonsas,0
alphonsea,0
alphonsen,0
alphonsie,0
alphonsin,0
alphonsion,0
alphonsoe,0
alphonsone,0
alphonzie,0
alphord,0
alphosa,0
alphosen,0
alphousa,0
alphouse,0
alphr,0
alphra,0
alphrede,0
alphreme,0
alphrine,0
alphsine,0
alpleus,0
alponsa,0
alpress,0
alranda,0
alrea,0
alreka,0
alresta,0
alreta,0
alrew,0
alrice,0
alrika,0
alrino,0
alsby,0
alsedo,0
alsely,0
alsenie,0
alseno,0
alsiah,0
alsic,0
alsinie,0
alsiste,0
alsner,0
alsome,0
alsonia,0
alsor,0
alsora,0
alstein,0
alstrea,0
alsup,0
altae,0
altagracio,0
altama,0
altamese,0
altata,0
altaway,0
altby,0
altenborg,0
altene,0
altey,0
althae,0
althageesh,0
althais,0
altheah,0
althear,0
altheda,0
althee,0
altheis,0
althere,0
altheria,0
althes,0
altheus,0
althey,0
althie,0
althis,0
althole,0
altic,0
altice,0
altide,0
altimer,0
altimon,0
altimore,0
altison,0
altoney,0
altonia,0
alttia,0
altue,0
aluise,0
alunce,0
alutis,0
alvada,0
alvader,0
alvadora,0
alvadus,0
alvady,0
alvaine,0
alvainie,0
alvancer,0
alvandro,0
alvanley,0
alvanz,0
alvareda,0
alvaria,0
alvarie,0
alvarine,0
alvaus,0
alvay,0
alved,0
alvedore,0
alvema,0
alvemie,0
alvenas,0
alveney,0
alvenice,0
alvenn,0
alvenus,0
alveny,0
alverada,0
alverdia,0
alverdie,0
alverdo,0
alverena,0
alverma,0
alvernal,0
alvernan,0
alvernas,0
alverrada,0
alverte,0
alvertes,0
alvertia,0
alvertie,0
alvertin,0
alvertine,0
alverton,0
alvertus,0
alvery,0
alvestine,0
alveston,0
alvetus,0
alvfred,0
alviah,0
alvicia,0
alvide,0
alviera,0
alview,0
alvild,0
alvill,0
alville,0
alvinas,0
alvincia,0
alvines,0
alviney,0
alvinnia,0
alvinzi,0
alvinzo,0
alvirado,0
alvirah,0
alviras,0
alvird,0
alvirda,0
alviron,0
alviry,0
alvivia,0
alvna,0
alvona,0
alvord,0
alvorda,0
alvory,0
alvoy,0
alvra,0
alvyan,0
alwein,0
alwelda,0
alwerty,0
alwilder,0
alwishes,0
alwon,0
alydon,0
alyer,0
alyere,0
alyie,0
alymbe,0
alymon,0
alzada,0
alzaire,0
alzana,0
alzarie,0
alzedda,0
alzege,0
alzelie,0
alzene,0
alzere,0
alzeria,0
alzide,0
alzier,0
alzono,0
alzor,0
alzora,0
amabbe,0
amabiliste,0
amacen,0
amadale,0
amaden,0
amader,0
amadge,0
amagette,0
amagine,0
amaie,0
amaill,0
amalde,0
amaldia,0
amalele,0
amalga,0
amalica,0
amanadean,0
amandaville,0
amanden,0
amandice,0
amandor,0
amandre,0
amaneus,0
amanide,0
amanly,0
amanthus,0
amantus,0
amaransa,0
amared,0
amaren,0
amaricus,0
amarid,0
amaroy,0
amasen,0
amassie,0
amatane,0
amatha,0
amather,0
amatle,0
amaukash,0
amauth,0
amazah,0
amazar,0
amazette,0
ambale,0
amberose,0
ambery,0
ambey,0
ambin,0
ambore,0
amborg,0
ambosie,0
ambrasia,0
ambret,0
ambreth,0
ambrice,0
ambrise,0
ambroas,0
ambroes,0
ambrone,0
ambrosee,0
ambroser,0
ambrosis,0
ambrozene,0
ambrozin,0
ambrozine,0
ambrue,0
ambrzine,0
amburn,0
amburs,0
ameade,0
ameala,0
ameale,0
ameali,0
amedas,0
ameddie,0
ameder,0
amedice,0
ameial,0
ameili,0
amejia,0
amelca,0
ameleo,0
ameles,0
ameliam,0
amelico,0
amelier,0
amelite,0
amelton,0
ameluis,0
amenca,0
amencus,0
amendas,0
ameneus,0
amenica,0
ameracus,0
amerca,0
amercius,0
amercus,0
amerest,0
americe,0
americes,0
americh,0
americia,0
americns,0
amerien,0
ameriet,0
amerieus,0
amerill,0
amerille,0
amerilus,0
amerious,0
amerret,0
amerrica,0
amersley,0
amerst,0
amersy,0
amertus,0
amesst,0
amethie,0
ametian,0
ametio,0
ametus,0
ameula,0
amherst,0
amhurst,0
amidie,0
amidor,0
amiell,0
amiler,0
amilon,0
amington,0
aminter,0
amiricus,0
amislie,0
amithia,0
amittai,0
amitty,0
amius,0
amizett,0
amizie,0
amlett,0
amling,0
ammaris,0
ammella,0
ammetta,0
ammia,0
ammio,0
ammom,0
ammoriah,0
amnett,0
amnien,0
amoden,0
amodore,0
amogene,0
amolia,0
amondis,0
amorante,0
amorett,0
amosen,0
amoth,0
amothy,0
amozia,0
ampbell,0
ampheus,0
amphias,0
amphlis,0
amplais,0
amplis,0
amplus,0
ampudia,0
amrien,0
amrosa,0
amshakrak,0
amsie,0
amsire,0
amslie,0
amstead,0
amsten,0
amstin,0
amter,0
amulie,0
amunde,0
amunder,0
amunds,0
amyett,0
amyle,0
amyria,0
anacario,0
anachet,0
anaclecta,0
anaclete,0
anadet,0
anaeline,0
analey,0
analote,0
anamah,0
ananah,0
ananius,0
anard,0
anariah,0
anarise,0
anasias,0
anastacis,0
anastai,0
anastais,0
anastasse,0
anastasus,0
anastatius,0
anastavia,0
anasticio,0
anastin,0
anastosia,0
anastus,0
anatalie,0
anatazi,0
anatele,0
anberry,0
anbert,0
anbertine,0
anbey,0
anbrose,0
anbury,0
ancilmo,0
ancline,0
ancola,0
ancony,0
ancta,0
andelicia,0
anderom,0
anderu,0
andeth,0
andinis,0
andionique,0
andnas,0
andoner,0
andrais,0
andrewella,0
andsay,0
anduchkewin,0
andues,0
aneaa,0
aneada,0
anede,0
anedie,0
aneeds,0
aneglic,0
anellin,0
anelt,0
anerine,0
aneseta,0
anesetta,0
anesime,0
anesine,0
anesito,0
anestace,0
anestacia,0
anestacio,0
anestalie,0
anestas,0
anestase,0
anestor,0
anetil,0
anettie,0
anever,0
anezie,0
anezime,0
anfrid,0
angalic,0
angean,0
angelonia,0
angenes,0
angenett,0
angenine,0
angens,0
angerd,0
angert,0
angill,0
anglan,0
anglean,0
angless,0
anglice,0
angliss,0
angness,0
angnus,0
angren,0
angris,0
angrus,0
angste,0
anguess,0
anguste,0
angustine,0
angvine,0
anhil,0
anholt,0
anicleta,0
anieda,0
aniest,0
anille,0
animiah,0
anindale,0
anisime,0
anislie,0
anistacio,0
anistea,0
anistina,0
anitole,0
anizena,0
anizie,0
anjile,0
anjis,0
ankwakish,0
anlelia,0
anlona,0
anlonia,0
anlow,0
anmah,0
anmariah,0
anmett,0
annabla,0
annahbell,0
annaias,0
annamas,0
annaniah,0
annanious,0
annard,0
annariah,0
annason,0
annastaci,0
annastacy,0
annastaisa,0
annatal,0
annatia,0
annatola,0
anneas,0
anneky,0
anneley,0
annelius,0
annesime,0
annesly,0
anneson,0
annfield,0
annidas,0
annill,0
annious,0
annisella,0
annisley,0
annist,0
annistia,0
anniston,0
annoma,0
annors,0
annott,0
annstrad,0
anntone,0
annyas,0
anofra,0
anoise,0
anoley,0
anonthy,0
anoree,0
anores,0
anorice,0
anors,0
anquil,0
anquilla,0
anrelie,0
anros,0
ansaline,0
ansalma,0
ansca,0
ansele,0
anselime,0
ansetta,0
ansey,0
ansiah,0
ansile,0
ansiline,0
ansine,0
ansker,0
ansle,0
anslum,0
ansom,0
ansore,0
anstace,0
ansted,0
ansteen,0
ansteine,0
anstena,0
anstes,0
anstey,0
anstie,0
anstien,0
anstin,0
anstine,0
anstinea,0
anstis,0
anstrutha,0
anstruther,0
antaine,0
antanacio,0
antanie,0
anteinette,0
antene,0
anteney,0
antenie,0
antenus,0
anterine,0
antevine,0
antham,0
anthanie,0
anthanna,0
anthay,0
anthene,0
antherine,0
anthine,0
anthry,0
anthum,0
anties,0
antimes,0
antimus,0
antinne,0
antioine,0
antiona,0
antionet,0
antionett,0
antioney,0
antless,0
antnet,0
antnett,0
antoinia,0
antoinna,0
antoise,0
antoll,0
antomise,0
antonier,0
antonili,0
antoniny,0
antonnee,0
antonney,0
antonnitte,0
antooloo,0
antorie,0
antorine,0
antram,0
antrem,0
antrine,0
antrum,0
anttie,0
anturne,0
antyne,0
anugiato,0
anwdrews,0
anynes,0
anzly,0
aobart,0
aoeny,0
aoha,0
aoilla,0
aolen,0
aolie,0
aones,0
aopha,0
apaell,0
apalana,0
apellas,0
aphaige,0
aphar,0
aphas,0
aphor,0
aplane,0
aplas,0
apless,0
apley,0
apline,0
apling,0
apolanio,0
apolean,0
apolen,0
apoleon,0
apoles,0
apolian,0
apolien,0
apollinia,0
apolones,0
appellas,0
appellona,0
appelona,0
appelony,0
appelu,0
appha,0
apphe,0
appier,0
appless,0
appoles,0
appolidor,0
appolinore,0
appolona,0
apram,0
apsey,0
apsie,0
apsley,0
aptrick,0
aqiula,0
aquesis,0
aquiela,0
aquiller,0
aquillia,0
aquillie,0
aquillor,0
aquilly,0
aquily,0
aquire,0
aqulla,0
aqvilina,0
araanah,0
arable,0
aradell,0
aradine,0
aralgia,0
aramandel,0
aramatha,0
aramenta,0
arametis,0
aramiah,0
araminda,0
aranah,0
arander,0
arannah,0
arastes,0
arather,0
aratia,0
aravell,0
aravesta,0
araybell,0
arazana,0
arazon,0
arbanie,0
arbany,0
arbarta,0
arbazenia,0
arbell,0
arberry,0
arberta,0
arbery,0
arbhy,0
arbinas,0
arbine,0
arbory,0
arbrey,0
arbula,0
arburter,0
arburtis,0
arburton,0
arbut,0
arbuthnott,0
arbutus,0
arbye,0
arcadins,0
arcadira,0
arcard,0
arcarde,0
arcasta,0
arcause,0
arcbald,0
arcelea,0
arcellus,0
arcement,0
arcemes,0
arcemus,0
arcena,0
arceny,0
archabald,0
archaball,0
archabell,0
archage,0
archaire,0
archay,0
archd,0
archege,0
archelaus,0
archelous,0
archibell,0
archidell,0
archilia,0
archold,0
archus,0
arcilen,0
arcille,0
arcola,0
arcula,0
arculano,0
arcule,0
arculle,0
ardagh,0
ardale,0
ardalo,0
ardamis,0
ardeala,0
ardelheid,0
ardelise,0
ardellah,0
ardellas,0
ardeller,0
ardello,0
ardellus,0
ardemus,0
ardenah,0
ardener,0
ardennie,0
ardenus,0
ardesee,0
ardett,0
ardilia,0
ardille,0
ardillia,0
ardle,0
ardner,0
ardolia,0
ardolph,0
ardoma,0
ardonia,0
ardrew,0
ardsy,0
ardure,0
areala,0
arebele,0
areedy,0
areesta,0
areide,0
arelen,0
arelias,0
arellia,0
aremas,0
aremuth,0
arendell,0
arenea,0
arenia,0
areninta,0
arenne,0
arenth,0
arery,0
aresene,0
arestile,0
arestine,0
arethus,0
aretus,0
arevell,0
arfila,0
arford,0
argall,0
argat,0
argele,0
argetta,0
argial,0
argintine,0
argnile,0
argnus,0
argona,0
argret,0
argurt,0
argust,0
argustas,0
argustes,0
argustia,0
argustine,0
argustus,0
arhild,0
ariald,0
aridie,0
arieny,0
arigene,0
ariges,0
ariley,0
arilie,0
arimeda,0
arimetta,0
ariminta,0
arince,0
arineo,0
ariney,0
arington,0
arinthia,0
aristeen,0
arister,0
aristobulus,0
aristus,0
aritie,0
arizone,0
arkadelphia,0
arkances,0
arkaney,0
arkansaw,0
arkansis,0
arkins,0
arkles,0
arkney,0
arlad,0
arlaney,0
arlard,0
arleatha,0
arlein,0
arlende,0
arleph,0
arleva,0
arlevia,0
arlew,0
arlhie,0
arlinny,0
arllie,0
arloie,0
arlue,0
armable,0
armadella,0
armadie,0
armady,0
armagene,0
armaide,0
armaline,0
armanath,0
armander,0
armanel,0
armanias,0
armasa,0
armase,0
armasin,0
armastia,0
armastine,0
armatage,0
armatia,0
armatine,0
armda,0
armead,0
armeca,0
armece,0
armedace,0
armedes,0
armedie,0
armedis,0
armedoe,0
armedor,0
armelda,0
armelder,0
armelian,0
armelien,0
armenagille,0
armenas,0
armenea,0
armenegide,0
armenegil,0
armenegilde,0
armenegile,0
armenell,0
armenetta,0
armeney,0
armenigile,0
armesida,0
armesine,0
armesta,0
armestia,0
armeted,0
armetus,0
armidase,0
armidee,0
armidie,0
armillien,0
arminah,0
armines,0
arminet,0
arminetta,0
arminie,0
arminigile,0
arminine,0
arminis,0
arminise,0
arminnie,0
armintus,0
armistea,0
armistead,0
armistina,0
armite,0
armitea,0
armithia,0
armitia,0
armitta,0
armitte,0
armnda,0
armoe,0
armogene,0
armogine,0
armoline,0
armons,0
armosa,0
armot,0
armsley,0
armsted,0
armstena,0
armuda,0
arnabilis,0
arnable,0
arnanah,0
arnastead,0
arnatha,0
arnby,0
arndel,0
arndtson,0
arndys,0
arneaa,0
arneel,0
arnene,0
arnesse,0
arneste,0
arnestin,0
arnestine,0
arneter,0
arnfryd,0
arnhart,0
arnide,0
arnill,0
arnille,0
arnine,0
arnishie,0
arniss,0
arnitz,0
arnle,0
arnleiv,0
arnlie,0
arnnah,0
arnnetta,0
arnoa,0
arnola,0
arnory,0
arnsa,0
arnsta,0
arnsten,0
arnstine,0
arnudel,0
arnuth,0
arnza,0
arodine,0
arodyne,0
arolard,0
arolda,0
aromine,0
aronon,0
arory,0
arpaide,0
arphana,0
arphilla,0
arquella,0
arquila,0
arrade,0
arramenta,0
arraminta,0
arrann,0
arrcott,0
arred,0
arrelia,0
arrelian,0
arrelin,0
arrelious,0
arrelius,0
arrely,0
arrene,0
arrenia,0
arrett,0
arrice,0
arridge,0
